id,ad_ry_mean,md_ry_mean,bt_ry_mean
1,277,276,285
2,345,364,363
3,182,188,173
4,330,355,346
5,451,486,445
6,210,209,187
7,505,533,527
8,266,256,248
9,1948,1713,2019
10,389,401,407
11,742,760,790
12,184,186,170
13,342,367,354
14,384,402,377
15,661,656,700
16,430,451,428
17,336,355,325
18,307,308,317
19,564,604,608
20,121,125,116
21,355,358,345
22,239,259,253
23,366,367,385
24,382,409,388
25,238,238,237
26,325,306,337
27,786,811,793
28,402,441,387
29,1231,1170,1180
30,362,366,357
31,5295,5058,5046
32,935,912,963
33,1821,1724,1739
34,512,542,537
35,830,823,777
36,879,855,850
37,1510,1516,1571
38,835,838,849
39,714,744,739
40,1183,1261,1276
41,1229,1266,1281
42,270,275,282
43,420,434,413
44,600,614,658
45,159,159,148
46,330,313,330
47,249,224,256
48,398,360,397
49,503,472,477
50,162,172,166
51,443,421,459
52,161,165,167
53,1581,1481,1733
54,224,202,208
55,473,448,512
56,182,165,159
57,412,367,417
58,405,383,421
59,457,418,483
60,333,319,329
61,318,309,312
62,142,132,144
63,427,381,436
64,199,179,173
65,310,286,314
66,213,187,207
67,97,115,108
68,221,238,234
69,120,120,112
70,110,98,110
71,409,433,430
72,216,231,227
73,372,364,345
74,141,140,133
75,3135,3264,3118
76,308,314,309
77,856,870,918
78,315,318,319
79,321,334,318
80,518,538,531
81,950,1002,994
82,486,497,503
83,527,532,589
84,508,479,497
85,282,281,271
86,134,133,139
87,208,196,211
88,137,126,129
89,168,189,176
90,2605,2597,2569
91,469,518,465
92,85,77,78
93,1143,1241,1203
94,1537,1581,1649
95,2536,2541,2479
96,1392,1451,1490
97,1192,1268,1176
98,1560,1588,1715
99,1502,1517,1487
100,707,752,746
101,2435,2534,2445
102,2719,2896,2884
103,964,1042,1045
104,1297,1349,1369
105,1349,1467,1448
106,409,420,409
107,893,955,931
108,217,246,214
109,799,924,881
110,430,465,464
111,241,270,291
112,434,434,406
113,433,428,454
114,106,93,95
115,774,816,762
116,856,873,975
117,1133,1103,1119
118,507,465,480
119,3128,2889,3300
120,623,585,624
121,982,951,1030
122,710,704,723
123,1284,1250,1267
124,1600,1358,1357
125,722,747,783
126,920,936,1088
127,1086,1080,1204
128,316,315,310
129,315,308,306
130,475,465,501
131,480,462,472
132,405,380,408
133,1122,1132,1317
134,149,170,154
135,183,184,178
136,1123,1134,1241
137,488,533,510
138,401,424,410
139,1184,1346,1248
140,341,384,349
141,1026,1110,1072
142,144,146,134
143,1252,1316,1267
144,200,232,212
145,915,1001,949
146,1013,1063,1001
147,923,954,931
148,314,329,324
149,279,302,278
150,256,280,277
151,350,375,337
152,145,148,139
153,439,469,464
154,238,254,241
155,191,206,212
156,67,72,63
157,29,29,31
158,59,62,62
159,254,261,254
160,262,256,276
161,205,214,205
162,37,34,36
163,260,266,237
164,77,83,76
165,557,523,536
166,146,149,140
167,127,141,129
168,202,203,196
169,301,297,320
170,194,203,200
171,173,184,177
172,90,101,88
173,36,35,36
174,62,58,54
175,104,107,98
176,19,19,20
177,648,717,778
178,366,383,376
179,324,320,315
180,421,389,450
181,583,636,634
182,852,910,930
183,1100,1062,1066
184,350,367,352
185,476,528,468
186,312,342,329
187,1378,1303,1410
188,888,924,950
189,657,650,655
190,1083,1072,1055
191,900,909,935
192,1149,1154,1141
193,1064,1136,1117
194,439,454,465
195,302,305,293
196,360,354,363
197,371,389,352
198,182,186,166
199,530,524,617
200,281,285,306
201,266,274,294
202,99,97,104
203,1315,1356,1343
204,1308,1343,1430
205,2020,1872,2018
206,397,391,423
207,763,683,632
208,563,550,595
209,2202,2146,2295
210,1057,1135,1143
211,1100,1145,1096
212,1910,1861,2004
213,1435,1433,1489
214,1020,1002,990
215,1090,1167,1133
216,672,679,688
217,263,221,257
218,354,359,402
219,503,486,501
220,156,136,139
221,84,78,80
222,202,235,213
223,172,171,158
224,220,209,204
225,1168,1204,1325
226,528,579,620
227,1526,1552,1490
228,330,375,366
229,1117,1077,1086
230,365,367,374
231,831,844,881
232,415,496,506
233,1037,1016,1061
234,1840,2049,2023
235,1245,1256,1244
236,868,898,983
237,588,618,606
238,442,436,439
239,122,135,126
240,276,303,293
241,648,618,601
242,81,84,86
243,67,63,64
244,433,455,437
245,329,346,328
246,92,80,87
247,958,873,877
248,562,580,558
249,1215,1177,1169
250,807,731,792
251,841,831,822
252,409,489,484
253,560,592,547
254,459,490,495
255,1360,1318,1361
256,1417,1403,1338
257,542,547,578
258,584,612,577
259,633,671,708
260,327,323,327
261,290,270,291
262,326,361,338
263,861,805,870
264,220,217,231
265,80,74,78
266,646,668,685
267,459,424,456
268,77,66,72
269,1536,1454,1405
270,896,862,928
271,1756,1679,1587
272,631,590,615
273,823,754,741
274,481,506,501
275,1080,974,960
276,547,581,617
277,1630,1536,1486
278,1687,1612,1569
279,666,694,697
280,864,820,893
281,670,695,716
282,350,335,333
283,259,245,223
284,334,320,325
285,649,619,636
286,439,408,426
287,238,282,264
288,901,955,957
289,764,710,767
290,173,190,173
291,1835,1886,1911
292,1564,1629,1705
293,2903,2935,2897
294,729,719,735
295,1341,1330,1191
296,647,701,687
297,2068,2019,1964
298,977,1107,1111
299,1942,1932,1852
300,3151,3299,3415
301,1388,1393,1360
302,1541,1609,1541
303,1789,1889,1809
304,591,579,574
305,754,755,739
306,690,716,715
307,765,752,857
308,566,585,588
309,622,533,584
310,381,392,379
311,422,372,385
312,677,662,759
313,758,752,856
314,735,739,772
315,1228,1186,1342
316,595,530,595
317,407,423,412
318,180,177,166
319,1391,1408,1519
320,337,340,323
321,1260,1209,1264
322,961,977,991
323,610,607,617
324,351,362,354
325,464,443,446
326,229,241,239
327,166,174,169
328,419,343,393
329,485,469,518
330,95,91,85
331,68,61,66
332,819,926,955
333,640,668,654
334,187,172,176
335,1983,2026,2058
336,331,320,322
337,2300,2106,2416
338,769,753,782
339,1310,1405,1388
340,399,410,420
341,572,545,573
342,330,333,330
343,2328,2251,2359
344,1445,1449,1556
345,488,492,535
346,394,402,426
347,1029,1033,1198
348,395,412,395
349,674,690,784
350,177,196,183
351,561,544,575
352,1073,1117,1120
353,1092,1158,1297
354,906,916,943
355,443,439,511
356,260,272,262
357,1345,1269,1322
358,1817,1699,1776
359,2459,2513,2540
360,995,989,1025
361,782,643,639
362,414,474,467
363,2717,2714,2799
364,1111,1167,1243
365,2540,2460,2495
366,2459,2159,2232
367,1277,1300,1277
368,973,935,961
369,1364,1355,1318
370,699,691,699
371,347,365,371
372,692,730,796
373,882,857,958
374,284,265,289
375,224,236,260
376,511,529,535
377,551,530,542
378,83,77,83
379,1245,1173,1241
380,667,663,727
381,2194,2319,2308
382,1035,971,1001
383,495,490,460
384,189,195,224
385,977,900,981
386,367,347,400
387,2000,2026,2062
388,1327,1280,1489
389,470,465,500
390,243,243,255
391,491,456,489
392,291,291,297
393,445,465,449
394,245,239,260
395,708,660,699
396,488,459,489
397,243,223,236
398,367,391,378
399,463,456,465
400,803,725,821
401,1252,1213,1258
402,660,639,630
403,1479,1601,1599
404,414,410,407
405,860,825,852
406,221,215,218
407,1134,1041,1109
408,336,334,346
409,1302,1372,1306
410,1468,1472,1459
411,739,733,678
412,639,636,648
413,495,499,487
414,497,493,495
415,608,618,593
416,377,342,344
417,482,485,507
418,746,702,735
419,397,411,391
420,306,297,298
421,118,116,103
422,180,180,148
423,408,346,388
424,473,447,464
425,631,582,566
426,102,93,86
427,456,458,426
428,151,150,147
429,745,694,690
430,331,328,350
431,432,386,407
432,427,382,403
433,901,811,897
434,411,403,390
435,485,464,454
436,259,254,243
437,172,152,136
438,205,187,165
439,198,177,158
440,138,135,122
441,335,345,347
442,417,414,418
443,411,406,417
444,279,273,275
445,1516,1500,1583
446,1007,939,994
447,1632,1464,1539
448,447,433,446
449,680,621,568
450,272,277,293
451,1720,1642,1621
452,456,459,487
453,2102,1873,2054
454,2028,1922,2063
455,1338,1288,1300
456,709,678,743
457,625,635,618
458,436,414,448
459,531,520,504
460,370,350,382
461,493,479,481
462,448,424,465
463,392,377,403
464,169,183,178
465,175,175,170
466,343,310,347
467,571,585,593
468,406,404,426
469,1126,1122,1151
470,156,153,156
471,419,398,429
472,119,122,123
473,1242,1198,1241
474,247,239,241
475,886,894,919
476,765,774,789
477,954,964,1021
478,314,319,327
479,290,269,284
480,208,200,214
481,160,161,163
482,100,92,93
483,239,243,249
484,155,147,154
485,34,19,34
486,42,32,46
487,62,51,62
488,30,21,31
489,175,122,173
490,261,211,289
491,546,425,585
492,190,130,188
493,98,71,96
494,59,40,63
495,193,145,186
496,62,47,70
497,431,343,440
498,272,175,276
499,67,55,62
500,169,135,166
501,157,139,159
502,46,35,50
503,120,82,112
504,73,46,74
505,104,85,105
506,78,70,79
507,619,648,754
508,174,180,186
509,101,113,106
510,571,616,675
511,542,591,610
512,310,337,336
513,476,530,536
514,131,145,133
515,995,1081,1135
516,142,165,164
517,1281,1435,1540
518,228,239,242
519,385,430,413
520,292,360,315
521,1174,1247,1384
522,342,371,365
523,303,343,305
524,413,427,464
525,240,240,251
526,203,199,208
527,216,220,237
528,92,94,89
529,247,253,263
530,166,184,175
531,81,88,87
532,234,227,241
533,397,414,414
534,204,215,198
535,289,319,301
536,87,93,91
537,455,463,487
538,92,107,104
539,727,734,755
540,132,145,143
541,226,226,221
542,208,218,191
543,618,638,653
544,268,273,265
545,207,222,205
546,212,224,222
547,101,112,110
548,130,130,121
549,130,139,129
550,58,59,61
551,643,586,647
552,296,296,282
553,132,132,123
554,776,771,884
555,668,739,734
556,314,325,319
557,562,634,557
558,161,169,150
559,977,1115,1066
560,176,194,161
561,1160,1194,1157
562,231,233,214
563,321,359,331
564,353,442,353
565,1021,1031,1046
566,477,484,480
567,326,354,336
568,407,412,417
569,250,256,244
570,246,230,224
571,264,268,251
572,109,112,101
573,121,129,133
574,43,49,44
575,21,29,22
576,103,107,93
577,126,130,126
578,71,82,71
579,150,145,153
580,24,27,24
581,125,132,129
582,36,41,40
583,273,270,301
584,36,40,37
585,93,107,104
586,82,88,82
587,277,289,309
588,75,83,79
589,68,71,64
590,46,55,47
591,42,45,41
592,32,38,33
593,61,69,62
594,17,24,20
595,623,708,714
596,266,303,290
597,196,226,198
598,471,541,566
599,687,745,765
600,522,591,576
601,693,719,689
602,180,204,174
603,703,774,773
604,147,185,157
605,1260,1268,1350
606,335,371,363
607,490,559,534
608,424,511,441
609,1311,1362,1411
610,512,545,533
611,476,513,482
612,325,368,359
613,421,488,446
614,249,267,266
615,368,432,405
616,179,204,183
617,287,304,330
618,115,121,116
619,107,105,104
620,207,214,217
621,230,236,234
622,227,224,212
623,370,368,398
624,95,90,90
625,294,288,269
626,87,95,95
627,541,533,572
628,155,150,150
629,221,226,218
630,216,226,201
631,409,415,380
632,316,289,287
633,213,217,200
634,190,188,201
635,132,115,119
636,90,91,85
637,147,140,138
638,70,61,68
639,542,537,504
640,259,270,236
641,181,188,174
642,349,341,327
643,631,641,576
644,364,386,335
645,562,575,518
646,132,132,109
647,947,863,878
648,168,187,169
649,964,921,903
650,282,293,262
651,281,295,276
652,317,345,283
653,970,929,869
654,500,514,456
655,405,454,366
656,287,309,275
657,334,334,295
658,221,230,207
659,290,309,264
660,125,122,112
661,540,483,527
662,268,261,258
663,75,77,68
664,528,494,543
665,397,395,406
666,424,414,422
667,531,543,507
668,82,103,74
669,991,943,957
670,214,216,203
671,1090,961,999
672,226,226,200
673,449,466,437
674,429,449,391
675,1355,1175,1209
676,366,374,343
677,411,414,413
678,403,399,374
679,199,182,187
680,246,219,229
681,240,239,212
682,70,69,65
683,195,222,230
684,673,643,678
685,198,200,199
686,74,85,82
687,409,416,430
688,1155,1161,1265
689,1531,1516,1566
690,536,481,504
691,2110,1943,2071
692,1164,1249,1339
693,1060,1007,1081
694,500,485,529
695,982,1037,989
696,2404,2237,2604
697,576,590,592
698,666,664,691
699,544,526,577
700,337,321,334
701,422,395,402
702,152,157,174
703,646,619,656
704,406,412,419
705,303,322,323
706,165,168,174
707,201,187,200
708,77,70,69
709,504,511,534
710,241,245,267
711,641,610,669
712,129,137,139
713,162,171,163
714,89,82,84
715,757,703,762
716,195,196,201
717,430,423,413
718,358,345,346
719,305,323,320
720,153,179,162
721,282,284,291
722,132,138,144
723,59,54,50
724,102,93,91
725,367,344,374
726,68,60,65
727,299,339,385
728,137,138,131
729,54,49,49
730,133,125,118
731,257,278,248
732,179,176,163
733,275,278,282
734,59,60,53
735,111,133,118
736,39,39,34
737,350,376,360
738,85,90,76
739,183,197,182
740,208,222,196
741,281,283,295
742,103,116,96
743,142,149,125
744,76,91,82
745,53,62,52
746,67,66,60
747,147,143,135
748,29,30,25
749,188,172,184
750,68,65,62
751,103,90,92
752,450,400,474
753,498,510,551
754,187,195,178
755,597,544,563
756,156,138,133
757,1424,1412,1452
758,273,254,271
759,645,553,577
760,279,240,243
761,337,331,331
762,322,309,317
763,574,508,503
764,534,530,464
765,405,354,388
766,524,454,497
767,216,189,200
768,341,261,312
769,162,143,147
770,224,237,221
771,190,198,189
772,291,303,287
773,474,472,498
774,533,567,565
775,897,810,872
776,245,238,222
777,704,699,691
778,299,293,289
779,1614,1699,1663
780,308,325,292
781,586,591,572
782,333,355,330
783,805,802,791
784,666,709,666
785,565,544,546
786,1214,1244,1268
787,569,569,565
788,348,373,368
789,558,540,553
790,437,442,446
791,515,502,544
792,337,320,322
793,74,68,71
794,116,118,116
795,96,90,89
796,39,36,41
797,259,242,281
798,132,137,128
799,216,216,222
800,94,81,88
801,434,416,469
802,125,135,122
803,384,334,375
804,208,191,201
805,203,181,190
806,281,257,299
807,327,293,322
808,185,188,191
809,231,238,241
810,156,151,144
811,97,89,88
812,121,120,119
813,112,105,104
814,61,57,59
815,276,279,289
816,235,262,232
817,318,306,300
818,250,253,268
819,923,1035,947
820,603,615,576
821,1867,1932,1763
822,698,729,673
823,5160,4954,4945
824,1536,1545,1451
825,1893,1802,1683
826,1016,1034,1041
827,1406,1441,1321
828,1574,1679,1481
829,1140,1162,1148
830,831,911,849
831,1217,1350,1186
832,931,907,940
833,1054,1104,983
834,373,399,380
835,360,383,340
836,514,516,498
837,150,146,172
838,272,261,299
839,246,242,272
840,212,201,247
841,322,321,349
842,281,277,297
843,589,620,647
844,300,289,327
845,1600,1342,1765
846,230,219,245
847,499,492,578
848,245,247,274
849,519,565,593
850,660,694,741
851,447,474,547
852,759,768,849
853,417,411,433
854,321,329,388
855,403,424,489
856,157,150,168
857,264,248,279
858,285,303,347
859,174,189,210
860,386,391,386
861,276,281,264
862,153,165,166
863,479,511,473
864,492,477,456
865,730,781,725
866,281,275,276
867,1849,2042,1998
868,340,367,356
869,992,1089,992
870,336,353,341
871,672,685,679
872,794,862,796
873,855,919,891
874,765,794,788
875,462,474,458
876,485,483,482
877,409,397,383
878,169,176,167
879,280,292,284
880,273,259,258
881,147,146,158
882,17,18,19
883,24,24,26
884,229,273,240
885,47,46,50
886,53,50,66
887,279,271,290
888,88,86,85
889,736,755,762
890,25,23,28
891,347,378,358
892,35,36,41
893,254,285,275
894,170,164,166
895,337,341,338
896,62,60,70
897,48,39,51
898,65,63,73
899,93,85,87
900,22,22,24
901,35,31,39
902,46,47,46
903,155,170,173
904,321,297,308
905,153,131,145
906,154,145,140
907,550,543,549
908,301,266,281
909,566,547,520
910,270,217,254
911,2136,1937,2093
912,304,299,316
913,631,616,601
914,331,321,323
915,490,459,476
916,467,441,430
917,723,741,733
918,633,575,593
919,436,430,456
920,534,543,551
921,332,303,290
922,177,168,163
923,217,190,185
924,170,145,154
925,215,183,190
926,112,116,111
927,168,171,175
928,323,329,306
929,436,443,424
930,288,286,292
931,742,733,746
932,291,297,274
933,1802,1667,1810
934,147,150,152
935,824,792,826
936,187,204,195
937,728,720,726
938,471,490,460
939,1037,982,1046
940,439,438,447
941,395,419,410
942,301,308,321
943,618,604,632
944,138,130,125
945,203,202,191
946,282,280,263
947,230,258,230
948,65,75,62
949,54,61,49
950,428,438,445
951,346,322,332
952,135,140,125
953,273,279,254
954,55,55,49
955,369,379,360
956,59,71,58
957,270,274,251
958,77,86,70
959,179,198,189
960,146,156,141
961,137,142,136
962,158,175,139
963,183,201,169
964,99,124,93
965,117,122,98
966,137,136,117
967,169,187,156
968,62,72,63
969,84,62,90
970,69,52,76
971,59,44,66
972,14,16,18
973,140,155,165
974,231,257,302
975,318,270,348
976,75,54,82
977,292,306,374
978,48,31,55
979,395,350,462
980,222,193,242
981,214,202,237
982,393,345,443
983,364,356,449
984,174,148,188
985,175,166,200
986,125,97,141
987,46,33,46
988,36,23,41
989,78,74,84
990,31,23,32
991,43,49,49
992,42,49,46
993,30,31,34
994,50,44,47
995,37,41,39
996,95,102,98
997,305,281,301
998,14,16,14
999,25,29,29
1000,17,21,20
1001,167,176,158
1002,56,63,62
1003,174,163,165
1004,109,110,105
1005,179,168,158
1006,100,110,105
1007,156,178,155
1008,33,36,37
1009,36,37,39
1010,17,20,19
1011,66,71,69
1012,25,26,23
1013,208,249,244
1014,96,109,98
1015,62,58,64
1016,104,115,89
1017,675,668,681
1018,583,589,608
1019,595,595,573
1020,116,111,101
1021,799,811,730
1022,116,142,132
1023,1595,1424,1622
1024,422,456,460
1025,369,358,374
1026,1359,1311,1415
1027,935,936,943
1028,447,449,452
1029,404,425,401
1030,326,325,333
1031,104,110,103
1032,230,260,258
1033,218,236,217
1034,62,55,58
1035,21,22,27
1036,126,112,126
1037,172,150,159
1038,15,14,20
1039,215,240,276
1040,124,140,141
1041,520,527,559
1042,292,263,326
1043,152,133,166
1044,155,159,162
1045,147,166,182
1046,122,109,134
1047,674,702,675
1048,387,411,421
1049,217,245,236
1050,96,94,106
1051,122,124,137
1052,117,108,141
1053,223,194,238
1054,46,39,41
1055,151,127,166
1056,136,132,146
1057,189,200,202
1058,207,233,227
1059,166,174,166
1060,159,180,165
1061,567,523,561
1062,636,615,610
1063,598,594,532
1064,173,157,152
1065,461,486,445
1066,120,134,125
1067,756,822,743
1068,438,449,454
1069,571,595,559
1070,1025,939,997
1071,762,781,799
1072,456,442,439
1073,408,391,405
1074,213,205,220
1075,121,121,114
1076,184,174,167
1077,243,237,234
1078,72,73,70
1079,100,115,129
1080,155,144,158
1081,32,30,33
1082,57,62,64
1083,338,296,343
1084,218,208,228
1085,354,326,379
1086,54,52,56
1087,334,297,339
1088,91,117,111
1089,565,527,629
1090,181,174,183
1091,298,279,331
1092,362,319,346
1093,309,274,324
1094,171,154,181
1095,186,182,192
1096,183,178,197
1097,38,41,43
1098,118,118,113
1099,154,133,153
1100,29,29,34
1123,286,305,332
1124,237,266,250
1125,45,46,43
1126,76,84,85
1127,551,563,587
1128,560,555,556
1129,427,458,420
1130,62,62,60
1131,882,918,900
1132,203,243,215
1133,1020,996,992
1134,288,327,296
1135,372,395,373
1136,512,565,517
1137,890,872,893
1138,421,431,432
1139,374,406,394
1140,419,427,432
1141,78,82,76
1142,294,337,304
1143,194,210,189
1144,48,51,53
1145,296,316,326
1146,330,339,355
1147,197,208,198
1148,414,402,430
1149,392,389,409
1150,256,270,267
1151,618,615,633
1152,157,150,149
1153,818,823,876
1154,182,199,192
1155,577,596,605
1156,197,209,198
1157,555,559,561
1158,541,539,508
1159,382,407,400
1160,344,379,346
1161,404,428,416
1162,185,199,195
1163,234,235,226
1164,331,341,367
1165,279,280,278
1166,243,237,255
1167,174,201,164
1168,231,234,222
1169,147,141,144
1170,107,90,112
1171,302,271,284
1172,979,976,1064
1173,871,866,966
1174,271,235,248
1175,334,302,249
1176,334,343,355
1177,956,919,1031
1178,396,377,407
1179,537,518,590
1180,1476,1379,1633
1181,390,428,422
1182,402,421,372
1183,591,571,645
1184,398,368,409
1185,121,112,103
1186,302,332,324
1187,549,478,549
1188,83,69,76
1189,27,14,28
1190,75,62,90
1191,135,126,135
1192,31,25,35
1193,138,139,152
1194,146,135,159
1195,307,291,335
1196,77,55,80
1197,44,35,47
1198,23,14,22
1199,91,86,93
1200,117,96,125
1201,207,188,205
1202,274,247,330
1203,53,44,53
1204,158,148,169
1205,415,414,492
1206,21,13,21
1207,48,34,51
1208,99,60,95
1209,286,242,286
1210,65,64,67
1211,86,82,80
1212,279,280,293
1213,283,253,267
1214,99,99,99
1215,842,893,911
1216,296,272,291
1217,561,578,548
1218,457,403,461
1219,431,449,415
1220,182,191,177
1221,512,517,505
1222,259,253,283
1223,958,935,1014
1224,729,740,765
1225,279,258,233
1226,253,254,252
1227,463,430,465
1228,136,125,126
1229,112,106,102
1230,472,446,478
1231,541,523,559
1232,109,96,90
1233,251,258,275
1234,669,689,643
1235,627,600,611
1236,167,168,178
1237,1314,1293,1357
1238,673,713,700
1239,701,683,671
1240,419,450,419
1241,775,718,764
1242,301,320,287
1243,1015,953,1024
1244,361,374,345
1245,900,901,911
1246,1067,1054,1097
1247,826,781,789
1248,586,629,586
1249,817,812,853
1250,331,348,323
1251,193,209,196
1252,1351,1363,1387
1253,640,655,694
1254,203,213,199
1255,23,22,25
1256,748,675,745
1257,56,54,61
1258,64,57,70
1259,485,453,511
1260,197,196,209
1261,299,276,301
1262,84,82,103
1263,340,307,357
1264,36,37,41
1265,476,437,469
1266,86,83,96
1267,460,417,475
1268,772,731,860
1269,225,210,239
1270,350,339,380
1271,238,213,255
1272,82,81,85
1273,135,123,144
1274,410,376,474
1275,152,137,151
1276,25,26,31
1277,45,51,44
1278,105,106,98
1279,56,63,62
1280,57,48,50
1281,453,426,500
1282,82,94,90
1283,250,218,239
1284,99,102,106
1285,215,219,228
1286,71,82,82
1287,223,200,212
1288,74,82,72
1289,383,322,401
1290,429,375,459
1291,152,144,128
1292,42,50,51
1293,184,195,184
1294,52,61,56
1295,15,16,16
1296,409,331,416
1297,253,245,262
1298,9,11,9
1299,134,147,171
1300,56,48,51
1301,63,60,70
1302,37,33,35
1303,245,219,303
1304,308,297,350
1305,306,243,286
1306,98,95,103
1307,255,242,249
1308,106,118,127
1309,536,524,614
1310,244,191,226
1311,217,190,203
1312,608,546,717
1313,263,183,248
1314,214,192,236
1315,263,234,286
1316,94,84,102
1317,43,37,43
1318,57,47,53
1319,147,145,152
1320,12,13,13
1321,82,91,89
1322,89,100,96
1323,64,66,63
1324,55,60,53
1325,275,257,266
1326,130,141,152
1327,132,137,131
1328,36,39,35
1329,408,418,418
1330,134,156,156
1331,336,325,325
1332,79,89,85
1333,94,105,101
1334,112,122,115
1335,301,287,304
1336,148,174,162
1337,269,285,293
1338,90,102,104
1339,87,89,77
1340,101,105,106
1341,195,206,200
1342,52,58,53
1343,190,187,192
1344,227,229,231
1345,107,101,102
1346,222,220,217
1347,270,261,233
1348,105,101,99
1349,292,297,280
1350,120,124,123
1351,1348,1208,1391
1352,242,252,255
1353,569,571,552
1354,99,99,91
1355,237,229,219
1356,213,221,194
1357,462,458,464
1358,204,200,205
1359,196,189,183
1360,208,219,215
1361,416,413,410
1362,84,79,88
1363,212,210,201
1364,188,193,183
1365,280,264,255
1366,336,328,345
1367,236,245,239
1368,241,220,224
1369,341,311,320
1370,322,316,320
1371,807,714,780
1372,299,300,311
1373,3687,3436,3801
1374,686,619,671
1375,997,880,900
1376,319,315,314
1377,740,664,720
1378,600,551,579
1379,1167,1084,1195
1380,478,480,481
1381,438,447,442
1382,887,822,953
1383,1178,1132,1205
1384,204,214,210
1385,318,320,316
1386,573,519,546
1387,107,102,98
1388,251,240,272
1389,175,168,180
1390,369,360,389
1391,280,273,241
1392,97,92,88
1393,268,289,264
1394,115,116,120
1395,1022,1171,1231
1396,152,149,147
1397,365,380,373
1398,91,89,79
1399,292,274,296
1400,246,256,253
1401,338,363,346
1402,179,189,178
1403,182,187,181
1404,92,93,90
1405,368,377,363
1406,113,106,111
1407,190,191,197
1408,174,190,178
1409,88,86,93
1410,191,184,195
1411,95,97,102
1412,91,92,108
1413,279,280,276
1414,167,170,164
1415,269,281,245
1416,94,89,96
1417,2334,2362,2563
1418,269,282,278
1419,750,846,855
1420,186,197,180
1421,322,320,329
1422,344,362,338
1423,724,804,840
1424,342,379,344
1425,301,323,301
1426,330,359,358
1427,301,297,297
1428,106,107,117
1429,161,156,166
1430,151,148,147
1431,175,187,174
1432,1808,2027,1871
1433,605,552,595
1434,86,75,69
1435,1351,1333,1244
1436,1769,1764,1771
1437,2599,2544,2406
1438,938,977,921
1439,1330,1244,1155
1440,890,898,797
1441,1875,1891,1778
1442,886,859,858
1443,3307,3287,3155
1444,2766,2792,2595
1445,703,761,759
1446,707,763,687
1447,759,794,717
1448,505,491,550
1449,959,906,862
1450,282,277,280
1451,764,840,719
1452,612,568,588
1453,145,177,148
1454,360,364,368
1455,314,338,351
1456,73,76,75
1457,465,528,447
1458,656,654,645
1459,926,924,818
1460,383,375,350
1461,2352,2280,2389
1462,407,412,377
1463,942,975,873
1464,443,444,432
1465,1277,1257,1219
1466,1399,1367,1241
1467,546,591,526
1468,561,598,617
1469,701,762,725
1470,220,227,204
1471,238,258,237
1472,296,313,284
1473,316,331,315
1474,266,275,261
1475,1031,933,1069
1476,203,199,192
1477,139,134,120
1478,1165,1069,1234
1479,278,288,267
1480,275,266,255
1481,966,1091,963
1482,227,241,227
1483,874,879,837
1484,119,104,93
1485,1154,1273,1125
1486,163,168,157
1487,698,738,670
1488,753,817,705
1489,811,778,763
1490,210,205,208
1491,177,193,168
1492,192,208,195
1493,287,288,268
1494,116,108,94
1495,277,306,296
1496,189,212,180
1497,153,151,159
1498,49,48,46
1499,24,24,25
1500,50,48,53
1501,158,151,151
1502,171,175,184
1503,122,121,127
1504,31,27,27
1505,165,179,148
1506,54,58,55
1507,477,443,422
1508,78,80,82
1509,95,97,97
1510,120,124,127
1511,275,270,261
1512,109,114,122
1513,82,89,94
1514,70,71,72
1515,29,27,29
1516,44,43,42
1517,68,67,67
1518,13,12,13
1519,514,559,571
1520,268,276,283
1521,235,234,231
1522,293,259,291
1523,346,374,354
1524,550,545,518
1525,406,355,333
1526,258,276,263
1527,426,466,435
1528,235,242,229
1529,511,502,481
1530,542,516,524
1531,474,456,463
1532,618,602,608
1533,573,596,589
1534,579,619,581
1535,575,549,548
1536,300,305,301
1537,214,204,207
1538,261,239,258
1539,234,234,225
1540,123,134,125
1541,270,269,337
1542,217,218,249
1543,198,190,216
1544,57,48,55
1545,506,512,509
1546,810,790,854
1547,1098,1007,1086
1548,341,343,379
1549,505,500,449
1550,314,321,364
1551,1749,1685,1801
1552,588,596,614
1553,917,875,902
1554,619,664,614
1555,1009,978,1108
1556,521,496,542
1557,580,571,586
1558,555,513,550
1559,192,197,183
1560,223,211,231
1561,295,317,323
1562,134,130,136
1563,52,48,45
1564,234,239,221
1565,154,143,145
1566,124,117,119
1567,749,714,829
1568,426,454,470
1569,900,864,886
1570,387,423,401
1571,592,494,468
1572,362,405,355
1573,702,732,669
1574,348,381,328
1575,752,771,705
1576,886,998,942
1577,765,734,774
1578,366,393,406
1579,441,457,450
1580,444,487,437
1581,119,136,133
1582,257,249,233
1583,532,524,485
1584,71,65,66
1585,49,46,48
1586,309,311,301
1587,213,217,212
1588,68,61,61
1589,583,559,537
1590,382,378,371
1591,835,805,767
1592,477,461,461
1593,469,486,473
1594,297,306,303
1595,531,542,489
1596,282,274,283
1597,979,964,949
1598,833,825,826
1599,385,419,418
1600,331,317,314
1601,408,419,396
1602,204,204,202
1603,238,243,267
1604,267,250,245
1605,448,456,441
1606,184,193,201
1607,58,52,49
1608,462,534,528
1609,328,316,353
1610,63,57,51
1611,893,831,963
1612,550,560,587
1613,993,914,1037
1614,460,458,471
1615,498,478,474
1616,263,266,278
1617,886,847,938
1618,348,364,377
1619,1169,1054,1229
1620,946,976,1020
1621,567,512,562
1622,423,459,450
1623,386,411,412
1624,234,245,266
1625,172,171,178
1626,198,221,213
1627,389,398,384
1628,310,318,328
1629,165,180,163
1630,839,770,857
1631,493,440,501
1632,131,125,125
1633,1072,1010,1119
1634,969,963,1019
1635,1365,1386,1330
1636,474,460,481
1637,738,792,713
1638,387,364,409
1639,1473,1398,1491
1640,474,485,567
1641,1247,1219,1222
1642,1422,1547,1517
1643,870,883,868
1644,721,718,735
1645,841,867,889
1646,380,400,408
1647,483,463,476
1648,469,447,472
1649,469,468,501
1650,454,423,478
1651,331,341,348
1652,231,260,271
1653,312,280,300
1654,481,432,480
1655,416,462,455
1656,448,469,471
1657,666,640,680
1658,388,369,429
1659,214,250,226
1660,83,80,85
1661,916,918,942
1662,157,161,163
1663,876,843,925
1664,602,642,633
1665,359,390,404
1666,170,172,185
1667,240,247,249
1668,142,147,161
1669,110,98,113
1670,205,192,220
1671,291,297,310
1672,69,64,64
1673,43,37,43
1674,885,940,995
1675,605,596,612
1676,197,191,186
1677,1305,1336,1420
1678,286,290,269
1679,1867,1922,1965
1680,763,746,725
1681,819,819,736
1682,295,273,298
1683,767,740,706
1684,237,245,237
1685,2157,2108,2215
1686,1204,1284,1261
1687,464,485,504
1688,334,364,346
1689,703,745,763
1690,367,384,407
1691,783,799,816
1692,197,202,192
1693,469,506,509
1694,1120,1093,1132
1695,441,435,475
1696,769,739,745
1697,371,362,392
1698,172,176,165
1699,863,776,843
1700,1149,1087,1224
1701,1628,1525,1542
1702,731,658,691
1703,484,408,384
1704,300,312,312
1705,1527,1425,1547
1706,630,640,629
1707,1979,1727,1859
1708,1388,1188,1263
1709,913,841,877
1710,587,581,573
1711,844,795,752
1712,566,528,520
1713,292,299,302
1714,465,434,507
1715,702,672,676
1716,236,241,261
1717,166,174,198
1718,459,482,470
1719,374,380,368
1720,86,79,80
1721,761,744,761
1722,558,589,568
1723,1690,1891,1741
1724,881,858,806
1725,272,280,271
1726,150,149,156
1727,796,862,810
1728,192,181,199
1729,1971,2135,1979
1730,1032,1156,1021
1731,311,327,325
1732,149,151,143
1733,255,254,261
1734,182,184,194
1735,457,467,457
1736,185,182,190
1737,467,470,452
1738,368,371,367
1739,182,174,195
1740,300,321,308
1741,392,362,365
1742,679,576,752
1743,753,733,808
1744,407,405,392
1745,1066,1078,1053
1746,337,321,337
1747,546,540,539
1748,163,156,154
1749,968,948,976
1750,200,209,193
1751,1172,1113,1218
1752,1013,1070,1021
1753,551,533,511
1754,333,326,322
1755,296,285,273
1756,292,294,299
1757,540,516,495
1758,319,297,296
1759,509,502,482
1760,640,591,612
1761,230,245,246
1762,206,217,237
1763,79,81,86
1764,78,83,77
1765,271,278,269
1766,304,309,328
1767,385,386,389
1768,70,67,72
1769,289,325,302
1770,114,121,120
1771,524,530,533
1772,200,190,218
1773,285,284,285
1774,244,257,240
1775,447,488,458
1776,241,239,245
1777,258,245,249
1778,182,185,201
1779,123,131,119
1780,138,137,138
1781,122,137,133
1782,102,102,111
1783,281,272,232
1784,385,365,330
1785,317,320,302
1786,162,137,128
1787,990,952,985
1788,822,801,739
1789,1088,1110,1038
1790,346,322,297
1791,490,476,368
1792,224,221,195
1793,1696,1697,1597
1794,345,362,329
1795,1706,1674,1647
1796,1396,1427,1334
1797,1012,1044,1008
1798,442,431,422
1799,424,418,384
1800,343,334,311
1801,442,455,406
1802,301,271,245
1803,360,358,311
1804,405,374,368
1805,402,450,437
1806,164,189,173
1807,163,175,164
1808,282,290,316
1809,400,428,412
1810,351,382,365
1811,1019,1014,1030
1812,137,148,144
1813,374,415,374
1814,106,121,109
1815,1487,1355,1459
1816,164,184,163
1817,996,914,952
1818,720,699,704
1819,1016,1025,1096
1820,239,260,251
1821,204,226,218
1822,218,232,229
1823,151,176,149
1824,79,82,79
1825,239,271,231
1826,150,167,154
1827,18,13,18
1828,31,22,34
1829,39,29,43
1830,23,17,24
1831,61,63,82
1832,105,98,127
1833,287,251,331
1834,98,78,124
1835,52,40,54
1836,35,21,36
1837,98,91,113
1838,30,24,34
1839,263,236,297
1840,139,118,143
1841,41,36,47
1842,56,51,66
1843,60,58,75
1844,19,14,24
1845,52,42,65
1846,36,25,37
1847,53,45,54
1848,42,32,46
1849,533,554,573
1850,175,183,188
1851,68,77,76
1852,446,463,476
1853,486,515,468
1854,259,259,253
1855,422,498,407
1856,98,118,103
1857,744,897,864
1858,116,150,138
1859,1129,1219,1156
1860,149,173,170
1861,285,336,288
1862,228,262,236
1863,947,1031,996
1864,253,265,271
1865,224,243,220
1866,330,354,327
1867,183,213,201
1868,193,216,204
1869,184,204,187
1870,80,86,80
1871,206,213,205
1872,117,111,121
1873,58,57,60
1874,176,177,170
1875,241,224,220
1876,138,129,140
1877,205,214,201
1878,57,56,56
1879,317,353,342
1880,69,68,71
1881,590,619,565
1882,103,102,106
1883,152,147,152
1884,125,133,135
1885,462,491,465
1886,161,161,157
1887,122,121,132
1888,155,168,163
1889,81,76,88
1890,86,90,80
1891,98,100,100
1892,44,44,42
1893,552,487,475
1894,191,203,184
1895,103,107,104
1896,640,588,612
1897,430,404,362
1898,217,217,199
1899,374,392,346
1900,113,131,116
1901,850,835,759
1902,136,159,135
1903,960,965,873
1904,140,150,128
1905,260,267,250
1906,262,288,247
1907,822,792,714
1908,294,314,291
1909,208,217,196
1910,289,320,313
1911,209,208,202
1912,176,185,172
1913,181,188,170
1914,84,96,85
1915,110,126,100
1916,49,49,41
1917,17,23,18
1918,60,55,62
1919,70,78,64
1920,65,68,57
1921,120,117,97
1922,29,29,23
1923,81,98,76
1924,26,29,24
1925,255,251,218
1926,28,32,26
1927,63,64,63
1928,57,66,52
1929,192,198,178
1930,50,55,48
1931,49,52,43
1932,41,41,32
1933,35,39,35
1934,29,34,26
1935,49,52,43
1936,20,25,19
1937,302,279,266
1938,150,182,150
1939,116,150,126
1940,295,322,296
1941,290,345,301
1942,199,236,187
1943,347,390,329
1944,95,134,109
1945,407,523,401
1946,80,111,79
1947,713,820,719
1948,116,138,120
1949,301,359,303
1950,226,293,216
1951,710,764,672
1952,182,232,194
1953,175,204,183
1954,167,211,167
1955,238,297,257
1956,112,124,108
1957,152,189,157
1958,101,126,101
1959,249,291,239
1960,108,113,116
1961,83,97,89
1962,170,173,160
1963,159,158,152
1964,185,183,183
1965,309,309,288
1966,74,76,75
1967,307,318,275
1968,72,80,77
1969,561,591,562
1970,117,124,115
1971,247,259,247
1972,164,177,150
1973,449,476,474
1974,218,240,217
1975,165,176,154
1976,158,177,166
1977,83,83,81
1978,71,70,68
1979,120,137,111
1980,60,57,59
1981,248,271,246
1982,158,181,148
1983,89,98,90
1984,359,394,412
1985,254,279,259
1986,174,194,173
1987,267,292,246
1988,75,82,71
1989,474,542,458
1990,97,106,98
1991,604,611,554
1992,102,121,101
1993,244,257,238
1994,185,204,175
1995,526,581,480
1996,146,167,142
1997,193,224,195
1998,146,171,147
1999,163,175,168
2000,104,111,103
2001,155,170,148
2002,78,82,83
2003,458,424,374
2004,181,208,197
2005,50,61,50
2006,220,195,182
2007,223,220,223
2008,261,281,276
2009,302,327,297
2010,71,82,71
2011,625,709,594
2012,113,142,121
2013,804,850,735
2014,123,147,123
2015,278,306,270
2016,249,266,232
2017,839,860,766
2018,205,232,217
2019,204,246,224
2020,240,257,243
2021,169,189,162
2022,170,195,165
2023,173,187,157
2024,48,54,47
2025,135,120,144
2026,375,376,348
2027,164,165,183
2028,56,53,60
2029,268,280,284
2030,439,420,470
2031,1144,1040,1059
2032,245,242,223
2033,1351,1145,1142
2034,697,693,677
2035,904,818,854
2036,313,302,332
2037,821,778,810
2038,2067,1899,2107
2039,289,312,293
2040,208,215,205
2041,340,320,307
2042,247,255,259
2043,324,331,323
2044,134,132,150
2045,277,290,254
2046,310,303,313
2047,264,262,257
2048,146,125,158
2049,182,179,192
2050,63,55,63
2051,300,295,318
2052,232,227,246
2053,444,470,483
2054,96,96,104
2055,93,91,91
2056,73,58,71
2057,757,734,735
2058,137,133,146
2059,306,312,330
2060,333,318,313
2061,334,333,318
2062,104,103,108
2063,162,172,185
2064,117,118,136
2065,59,55,60
2066,92,76,94
2067,366,343,358
2068,75,60,76
2069,148,160,160
2070,98,90,103
2071,40,38,38
2072,67,62,65
2073,114,116,123
2074,68,69,72
2075,174,154,152
2076,39,32,34
2077,60,63,58
2078,28,26,27
2079,281,254,242
2080,33,30,33
2081,106,100,108
2082,84,84,87
2083,117,113,113
2084,43,41,41
2085,64,68,68
2086,41,42,41
2087,33,27,30
2088,44,35,42
2089,66,62,65
2090,26,22,22
2091,110,87,102
2092,62,57,54
2093,78,69,76
2094,368,339,346
2095,322,353,342
2096,131,120,127
2097,475,507,412
2098,122,114,127
2099,941,1003,980
2100,184,186,187
2101,606,625,599
2102,162,141,137
2103,312,295,284
2104,198,177,164
2105,501,480,441
2106,279,279,241
2107,239,218,231
2108,385,408,345
2109,165,154,163
2110,211,184,205
2111,130,114,111
2112,73,64,65
2113,116,124,124
2114,233,203,238
2115,286,248,282
2116,395,390,418
2117,593,543,621
2118,150,141,145
2119,499,522,494
2120,235,228,252
2121,1009,1095,1134
2122,221,218,243
2123,525,543,570
2124,163,153,164
2125,649,668,675
2126,416,469,440
2127,408,445,460
2128,616,687,669
2129,323,328,381
2130,278,273,282
2131,431,408,436
2132,295,278,312
2133,326,293,318
2134,228,238,236
2135,40,35,32
2136,86,83,96
2137,55,51,55
2138,44,38,38
2139,139,129,159
2140,68,66,75
2141,138,128,145
2142,53,46,46
2143,271,271,258
2144,72,72,76
2145,308,288,298
2146,101,98,96
2147,115,103,119
2148,179,153,164
2149,238,239,229
2150,77,72,80
2151,110,108,117
2152,96,97,104
2153,66,57,63
2154,70,66,76
2155,59,59,60
2156,50,40,44
2157,178,169,184
2158,250,227,225
2159,271,219,235
2160,222,208,235
2161,770,707,714
2162,469,392,439
2163,1540,1421,1324
2164,690,636,651
2165,3468,2966,3520
2166,1225,1181,1159
2167,1932,1624,1677
2168,694,626,644
2169,1464,1213,1299
2170,1118,1131,981
2171,1038,949,895
2172,669,615,603
2173,879,772,808
2174,853,769,774
2175,1031,953,1007
2176,391,365,385
2177,277,252,256
2178,459,449,449
2179,117,107,113
2180,180,148,159
2181,143,116,131
2182,174,150,168
2183,267,278,242
2184,204,168,185
2185,469,384,406
2186,229,228,228
2187,1187,1145,1207
2188,146,123,144
2189,446,374,381
2190,147,123,138
2191,472,410,434
2192,457,417,433
2193,366,387,345
2194,424,363,423
2195,248,227,237
2196,210,188,211
2197,336,283,308
2198,98,79,87
2199,184,145,151
2200,215,178,188
2201,104,120,110
2202,180,209,208
2203,151,161,165
2204,101,114,109
2205,229,228,209
2206,209,215,207
2207,358,395,351
2208,142,154,156
2209,638,751,690
2210,155,182,173
2211,563,605,601
2212,154,177,173
2213,360,382,358
2214,348,391,342
2215,442,516,494
2216,375,443,413
2217,188,206,204
2218,275,280,302
2219,208,227,223
2220,102,114,109
2221,115,139,129
2222,149,164,152
2223,87,77,93
2224,17,15,16
2225,22,19,21
2226,152,156,172
2227,45,40,44
2228,44,38,44
2229,178,160,169
2230,67,60,68
2231,589,557,519
2232,19,16,18
2233,277,253,264
2234,24,23,24
2235,199,179,195
2236,101,91,107
2237,262,232,241
2238,42,34,49
2239,34,28,36
2240,50,43,47
2241,66,59,69
2242,17,14,16
2243,21,16,21
2244,28,23,29
2245,129,138,138
2246,253,250,246
2247,113,106,112
2248,120,105,113
2249,191,202,191
2250,175,180,191
2251,400,366,367
2252,161,153,169
2253,1487,1458,1548
2254,187,195,198
2255,519,494,511
2256,131,136,144
2257,394,371,389
2258,307,313,309
2259,590,585,598
2260,273,265,270
2261,214,235,229
2262,370,361,381
2263,263,257,250
2264,127,128,129
2265,153,149,148
2266,115,109,114
2267,202,203,214
2268,94,114,110
2269,98,109,121
2270,286,280,281
2271,177,200,186
2272,157,169,160
2273,456,492,469
2274,214,216,220
2275,746,694,723
2276,87,100,102
2277,612,644,634
2278,106,122,126
2279,466,496,494
2280,290,326,302
2281,691,757,723
2282,246,255,268
2283,225,236,235
2284,254,263,286
2285,409,466,423
2286,103,107,118
2287,125,136,140
2288,251,261,255
2289,182,189,175
2290,55,55,54
2291,35,39,33
2292,286,289,289
2293,101,108,89
2294,66,72,65
2295,142,154,131
2296,28,27,27
2297,169,180,161
2298,39,40,36
2299,225,216,197
2300,38,43,38
2301,105,109,110
2302,83,91,86
2303,81,90,87
2304,74,87,69
2305,72,85,71
2306,60,63,60
2307,66,72,63
2308,92,90,90
2309,105,123,106
2310,43,45,44
2311,43,27,44
2312,57,46,59
2313,30,22,32
2314,13,13,14
2315,88,86,94
2316,142,111,153
2317,209,181,213
2318,61,40,61
2319,216,197,210
2320,28,16,32
2321,298,253,286
2322,91,73,96
2323,141,133,145
2324,305,259,286
2325,289,279,274
2326,76,63,87
2327,80,73,92
2328,75,62,84
2329,38,25,36
2330,13,8,15
2331,56,49,55
2332,22,13,20
2333,17,18,21
2334,36,37,41
2335,19,17,20
2336,23,24,27
2337,42,38,43
2338,68,65,73
2339,173,180,176
2340,11,11,12
2341,10,11,11
2342,13,13,13
2343,123,112,122
2344,34,39,43
2345,114,101,115
2346,73,72,74
2347,117,110,119
2348,64,62,76
2349,81,76,86
2350,21,24,25
2351,28,29,32
2352,13,13,15
2353,34,35,37
2354,20,19,20
2355,132,144,131
2356,76,77,80
2357,45,41,49
2358,86,88,86
2359,350,337,308
2360,352,329,340
2361,420,412,372
2362,70,70,72
2363,498,500,404
2364,93,95,103
2365,1239,1121,1082
2366,224,210,207
2367,304,278,283
2368,756,748,709
2369,716,664,629
2370,240,225,218
2371,234,211,221
2372,244,234,226
2373,75,79,80
2374,182,193,197
2375,116,122,120
2376,51,45,47
2377,13,11,11
2378,95,86,100
2379,196,173,171
2380,22,17,19
2381,408,400,416
2382,128,113,126
2383,584,516,624
2384,422,384,429
2385,214,180,187
2386,118,103,133
2387,225,199,228
2388,75,61,76
2389,918,836,1037
2390,419,353,408
2391,270,220,237
2392,64,54,64
2393,103,104,109
2394,112,91,106
2395,287,261,275
2396,56,44,51
2397,168,152,157
2398,222,193,177
2399,120,129,122
2400,153,158,171
2401,99,96,95
2402,121,114,123
2403,321,307,290
2404,342,347,341
2405,337,373,328
2406,86,89,84
2407,264,275,230
2408,97,90,100
2409,546,631,555
2410,191,204,198
2411,376,387,398
2412,492,563,506
2413,595,587,619
2414,208,206,211
2415,205,204,195
2416,140,145,146
2417,70,82,74
2418,89,102,107
2419,168,174,167
2420,56,56,57
2421,74,81,98
2422,112,105,122
2423,36,36,38
2424,50,48,50
2425,249,197,226
2426,201,183,175
2427,400,341,352
2428,44,41,46
2429,247,231,222
2430,69,76,77
2431,598,533,563
2432,91,95,91
2433,413,360,364
2434,308,280,278
2435,318,279,306
2436,118,116,126
2437,99,98,95
2438,161,149,157
2439,42,37,45
2440,69,72,79
2441,113,108,110
2442,33,31,38
2465,167,173,170
2466,127,136,135
2467,36,40,37
2468,58,56,58
2469,311,315,298
2470,368,345,351
2471,245,233,221
2472,47,49,50
2473,536,533,497
2474,120,140,125
2475,702,720,668
2476,170,181,164
2477,269,272,276
2478,305,337,296
2479,544,504,507
2480,216,221,221
2481,168,186,167
2482,263,278,267
2483,49,54,47
2484,182,182,177
2485,111,113,110
2486,45,44,44
2487,173,172,166
2488,226,231,233
2489,138,139,139
2490,250,239,252
2491,227,218,222
2492,152,150,150
2493,242,227,203
2494,118,116,115
2495,392,393,397
2496,135,137,137
2497,379,393,357
2498,111,116,112
2499,358,351,354
2500,198,186,171
2501,264,255,239
2502,185,193,190
2503,204,200,203
2504,113,119,114
2505,150,144,137
2506,230,209,220
2507,160,159,162
2508,178,179,190
2509,118,139,125
2510,165,174,195
2511,118,106,118
2512,85,75,78
2513,159,154,174
2514,573,547,526
2515,497,462,463
2516,173,158,169
2517,186,157,151
2518,181,194,199
2519,302,290,288
2520,199,205,220
2521,436,413,452
2522,880,758,814
2523,309,327,317
2524,194,212,200
2525,299,317,311
2526,233,224,227
2527,105,101,111
2528,179,192,210
2529,288,306,303
2530,81,61,70
2531,20,11,20
2532,68,69,89
2533,81,79,94
2534,21,18,23
2535,89,82,94
2536,80,74,92
2537,253,242,261
2538,47,45,63
2539,23,17,23
2540,15,10,15
2541,74,73,80
2542,61,57,75
2543,119,103,125
2544,194,177,206
2545,43,40,44
2546,81,76,90
2547,230,243,246
2548,17,14,20
2549,39,35,47
2550,51,37,61
2551,198,197,219
2552,55,56,69
2553,51,45,46
2554,266,260,279
2555,189,170,173
2556,73,61,71
2557,585,628,613
2558,190,173,168
2559,340,363,337
2560,424,404,405
2561,198,205,212
2562,113,115,110
2563,417,415,399
2564,146,133,138
2565,707,673,671
2566,484,521,475
2567,193,206,182
2568,138,136,137
2569,236,222,217
2570,88,90,91
2571,84,82,83
2572,364,353,351
2573,325,337,323
2574,86,79,89
2575,139,149,131
2576,317,347,323
2577,404,380,388
2578,81,70,83
2579,694,652,724
2580,335,349,347
2581,354,353,343
2582,282,303,264
2583,391,366,380
2584,185,217,183
2585,654,619,646
2586,184,212,192
2587,530,506,534
2588,577,617,598
2589,402,383,369
2590,193,190,181
2591,302,295,306
2592,188,214,195
2593,141,149,129
2594,396,390,404
2595,245,262,255
2596,137,136,130
2597,26,27,25
2598,908,795,839
2599,57,51,57
2600,66,58,58
2601,409,374,411
2602,117,100,112
2603,253,223,281
2604,103,86,101
2605,218,176,234
2606,30,30,31
2607,409,365,407
2608,55,51,52
2609,457,407,457
2610,532,484,531
2611,224,194,236
2612,211,190,215
2613,185,165,181
2614,93,83,96
2615,134,113,132
2616,445,395,420
2617,115,95,110
2618,22,21,24
2619,45,36,44
2620,127,118,137
2621,58,51,64
2622,64,55,62
2623,320,287,332
2624,65,66,72
2625,169,161,178
2626,85,79,102
2627,111,110,122
2628,77,74,84
2629,200,177,185
2630,59,58,62
2631,327,292,346
2632,210,210,216
2633,123,110,122
2634,42,43,50
2635,95,96,109
2636,63,54,58
2637,15,13,16
2638,230,204,255
2639,174,172,183
2640,11,9,10
2641,103,109,112
2642,44,43,42
2643,39,40,44
2644,28,25,25
2645,139,137,147
2646,166,148,146
2647,197,150,162
2648,65,58,61
2649,172,163,146
2650,55,58,62
2651,441,416,405
2652,125,112,116
2653,141,117,125
2654,335,316,318
2655,199,163,177
2656,124,115,119
2657,132,120,116
2658,63,55,57
2659,31,30,29
2660,38,34,33
2661,82,82,83
2662,11,10,10
2663,61,69,66
2664,66,64,67
2665,43,43,41
2666,57,56,54
2667,141,147,134
2668,101,99,109
2669,88,87,90
2670,26,23,24
2671,243,301,258
2672,93,99,106
2673,257,250,226
2674,50,54,50
2675,72,70,69
2676,74,75,74
2677,191,185,180
2678,114,120,125
2679,177,177,176
2680,61,63,64
2681,61,65,59
2682,70,70,66
2683,176,184,176
2684,40,38,36
2685,244,222,254
2686,290,293,303
2687,173,179,173
2688,278,259,276
2689,276,274,275
2690,146,137,139
2691,440,437,428
2692,201,195,201
2693,2142,1845,2198
2694,314,327,344
2695,668,661,693
2696,169,182,181
2697,337,335,346
2698,315,317,296
2699,632,598,637
2700,319,318,344
2701,305,308,308
2702,276,294,311
2703,643,655,676
2704,109,101,104
2705,296,303,302
2706,305,321,349
2707,371,325,350
2708,429,420,399
2709,299,291,302
2710,287,243,282
2711,669,675,670
2712,452,481,443
2713,1148,1096,1137
2714,395,417,396
2715,6432,6057,6837
2716,1047,958,1028
2717,1965,1901,1947
2718,472,498,471
2719,982,976,960
2720,970,914,930
2721,1731,1657,1700
2722,732,725,733
2723,704,742,719
2724,1280,1374,1393
2725,1803,1789,1754
2726,289,279,289
2727,445,458,419
2728,1034,971,1082
2729,146,136,139
2730,309,273,288
2731,192,191,229
2732,259,229,249
2733,312,301,310
2734,120,121,119
2735,353,335,353
2736,151,162,166
2737,1402,1308,1493
2738,238,217,230
2739,388,384,386
2740,123,119,118
2741,335,335,352
2742,300,291,291
2743,364,345,355
2744,208,202,220
2745,235,220,230
2746,98,96,96
2747,526,469,499
2748,136,141,147
2749,173,167,186
2750,254,232,255
2751,126,135,132
2752,244,249,231
2753,141,132,134
2754,117,107,105
2755,264,268,261
2756,230,238,208
2757,476,478,447
2758,175,171,180
2759,4382,4115,4423
2760,473,480,473
2761,1099,1090,1097
2762,285,309,288
2763,442,399,414
2764,590,597,576
2765,1406,1471,1379
2766,466,427,443
2767,443,433,438
2768,618,605,606
2769,655,608,649
2770,133,131,133
2771,199,192,192
2772,277,251,260
2773,184,173,190
2774,1498,1679,1537
2775,695,655,700
2776,113,92,98
2777,1316,1318,1349
2778,1349,1338,1392
2779,2115,2028,2004
2780,1430,1421,1384
2781,1273,1306,1317
2782,1125,1089,1055
2783,1402,1414,1393
2784,785,731,773
2785,2599,2670,2508
2786,2194,2309,2191
2787,963,988,983
2788,1084,1033,1081
2789,1301,1297,1302
2790,495,452,494
2791,1267,1210,1235
2792,271,258,260
2793,1302,1277,1256
2794,827,774,809
2795,266,247,276
2796,515,480,490
2797,533,499,533
2798,108,99,102
2799,800,802,744
2800,719,729,764
2801,1420,1259,1278
2802,593,526,545
2803,3810,3473,3844
2804,577,512,552
2805,1140,1105,1059
2806,664,631,669
2807,1897,1698,1766
2808,1626,1471,1466
2809,883,858,839
2810,952,874,951
2811,1102,1089,1189
2812,392,364,362
2813,438,427,422
2814,497,449,468
2815,461,439,420
2816,575,552,570
2817,1359,1307,1296
2818,206,202,200
2819,211,207,213
2820,1460,1339,1472
2821,372,439,419
2822,460,499,477
2823,1334,1448,1415
2824,497,511,461
2825,1272,1300,1262
2826,193,201,188
2827,1413,1531,1468
2828,263,307,283
2829,1100,1127,1126
2830,989,996,935
2831,1192,1196,1146
2832,368,376,376
2833,306,330,320
2834,317,356,363
2835,525,549,505
2836,170,175,171
2837,424,464,442
2838,363,397,378
2839,238,227,223
2840,54,60,50
2841,33,34,33
2842,47,42,42
2843,135,135,130
2844,261,247,234
2845,234,218,225
2846,38,37,36
2847,271,273,251
2848,73,74,72
2849,681,652,666
2850,177,174,173
2851,150,150,142
2852,209,194,197
2853,429,402,406
2854,156,150,156
2855,181,183,182
2856,70,76,65
2857,53,50,50
2858,46,56,51
2859,67,74,66
2860,21,21,20
2861,870,851,891
2862,328,321,324
2863,332,297,331
2864,478,414,479
2865,769,727,768
2866,740,753,755
2867,636,642,644
2868,433,420,442
2869,856,791,847
2870,341,333,335
2871,687,693,738
2872,841,823,821
2873,707,669,689
2874,1030,953,1078
2875,989,954,976
2876,920,918,941
2877,943,955,968
2878,423,426,414
2879,385,354,359
2880,341,321,326
2881,293,288,282
2882,211,200,210
2883,528,586,592
2884,299,312,337
2885,330,326,358
2886,86,78,86
2887,1276,1201,1238
2888,1698,1717,1698
2889,1950,1897,2109
2890,615,595,662
2891,679,765,617
2892,703,761,882
2893,2648,2718,2768
2894,1458,1433,1389
2895,1556,1568,1574
2896,1188,1333,1248
2897,752,831,775
2898,1102,1042,1087
2899,1346,1293,1332
2900,777,736,795
2901,461,493,500
2902,326,315,357
2903,403,433,442
2904,209,207,218
2905,130,116,107
2906,356,390,373
2907,275,282,258
2908,223,234,258
2909,912,962,953
2910,479,503,500
2911,1052,937,942
2912,575,532,555
2913,930,924,911
2914,603,611,644
2915,702,719,670
2916,543,550,570
2917,1167,1126,1094
2918,1052,1030,1034
2919,1135,1201,1053
2920,509,498,521
2921,650,675,638
2922,585,575,588
2923,292,270,265
2924,459,467,472
2925,770,744,665
2926,174,165,157
2927,65,67,53
2928,350,372,342
2929,316,346,302
2930,73,78,72
2931,561,573,561
2932,467,490,467
2933,984,970,917
2934,648,652,623
2935,890,933,919
2936,431,445,477
2937,621,654,592
2938,368,384,381
2939,1124,1116,1101
2940,940,959,874
2941,612,594,560
2942,440,437,419
2943,491,516,507
2944,294,309,296
2945,446,422,463
2946,272,282,266
2947,575,578,537
2948,329,320,319
2949,79,74,77
2950,665,638,666
2951,506,430,511
2952,73,66,75
2953,927,944,952
2954,759,765,772
2955,1316,1227,1287
2956,631,644,615
2957,812,772,802
2958,525,509,529
2959,1102,1023,1025
2960,563,538,563
2961,1516,1454,1449
2962,1243,1206,1257
2963,821,734,791
2964,621,611,637
2965,682,657,667
2966,446,434,444
2967,363,373,384
2968,282,282,317
2969,544,498,517
2970,663,639,647
2971,291,279,261
2972,854,835,877
2973,770,752,704
2974,275,260,248
2975,1520,1487,1510
2976,1137,1153,1187
2977,2133,2077,2103
2978,663,671,635
2979,1583,1599,1530
2980,640,593,584
2981,2108,2122,2172
2982,776,814,764
2983,1701,1635,1617
2984,2074,2123,2186
2985,1299,1284,1335
2986,1047,1052,1018
2987,1276,1271,1272
2988,541,526,540
2989,1025,976,987
2990,517,495,491
2991,647,659,594
2992,751,722,711
2993,655,489,584
2994,377,369,372
2995,491,427,500
2996,936,787,898
2997,633,570,624
2998,707,686,789
2999,1323,1243,1407
3000,764,655,744
3001,492,484,468
3002,154,147,137
3003,1467,1341,1508
3004,300,310,292
3005,1533,1437,1550
3006,1019,934,1014
3007,724,654,694
3008,249,268,245
3009,417,389,412
3010,231,260,260
3011,205,216,199
3012,317,277,282
3013,451,425,458
3014,117,109,117
3015,76,66,68
3016,1231,1259,1228
3017,998,946,950
3018,249,264,275
3019,2348,2296,2596
3020,376,361,378
3021,2685,2765,2787
3022,1085,1058,1052
3023,2443,2174,2362
3024,472,432,449
3025,935,858,881
3026,375,396,382
3027,3040,2979,3089
3028,1725,1789,1788
3029,743,674,764
3030,463,445,443
3031,1186,1102,1206
3032,540,529,549
3033,1629,1646,1591
3034,233,224,225
3035,726,707,701
3036,1956,1882,1819
3037,1299,1233,1431
3038,1006,991,951
3039,695,680,724
3040,685,595,697
3041,1767,1833,1867
3042,1823,1802,1859
3043,2496,2574,2498
3044,1251,1114,1178
3045,1020,939,852
3046,569,580,554
3047,2475,2356,2343
3048,1275,1276,1213
3049,2735,2832,2696
3050,3162,3163,3257
3051,1720,1655,1641
3052,1206,1152,1092
3053,1610,1621,1498
3054,948,935,871
3055,697,700,669
3056,705,705,749
3057,1025,989,1013
3058,455,459,457
3059,275,282,305
3060,531,541,550
3061,661,635,646
3062,124,111,123
3063,1072,1093,1214
3064,847,898,883
3065,2571,2693,2648
3066,1212,1332,1295
3067,596,588,605
3068,216,223,229
3069,1321,1348,1411
3070,351,373,357
3071,3312,3284,3463
3072,1884,1879,2008
3073,604,593,655
3074,224,228,236
3075,407,409,415
3076,315,329,329
3077,946,1002,1007
3078,256,243,250
3079,734,778,779
3080,779,740,829
3081,263,248,222
3082,438,448,421
3083,512,512,495
3084,1035,857,832
3085,792,786,747
3086,606,612,562
3087,1467,1640,1570
3088,473,456,458
3089,973,935,884
3090,226,214,200
3091,1295,1335,1249
3092,321,339,299
3093,1449,1614,1358
3094,1404,1518,1435
3095,888,877,785
3096,471,481,463
3097,438,441,428
3098,440,433,408
3099,827,840,817
3100,345,326,313
3101,495,550,502
3102,1065,997,1020
3103,343,343,365
3104,271,256,285
3105,115,109,109
3106,159,166,150
3107,366,351,359
3108,367,346,388
3109,526,496,539
3110,89,78,89
3111,466,483,480
3112,142,147,144
3113,611,610,652
3114,289,276,310
3115,426,368,385
3116,381,304,356
3117,654,608,653
3118,323,295,322
3119,389,356,387
3120,226,232,244
3121,206,186,188
3122,148,148,153
3123,149,143,141
3124,149,142,146
3125,396,405,390
3126,487,471,473
3127,521,501,502
3128,430,392,401
3129,1622,1556,1598
3130,1040,1016,1036
3131,1561,1467,1575
3132,514,492,518
3133,986,942,943
3134,331,337,353
3135,1797,1738,1748
3136,503,501,525
3137,2130,2045,2215
3138,1879,1812,1940
3139,1513,1417,1477
3140,538,515,545
3141,716,721,719
3142,539,515,540
3143,845,827,856
3144,373,368,364
3145,482,484,450
3146,776,770,804
3147,752,696,675
3148,256,267,256
3149,290,285,275
3150,492,459,456
3151,482,493,472
3152,578,601,602
3153,1725,1811,1817
3154,241,242,230
3155,670,683,717
3156,201,195,176
3157,1904,1978,2033
3158,320,318,322
3159,1452,1457,1491
3160,1102,1104,1145
3161,1441,1572,1626
3162,320,331,328
3163,376,382,404
3164,310,311,320
3165,362,367,370
3166,124,116,106
3167,321,293,327
3168,309,289,299
3169,23,17,27
3170,36,27,37
3171,58,47,63
3172,25,20,27
3173,77,54,73
3174,187,151,208
3175,393,325,404
3176,162,122,193
3177,66,44,73
3178,46,30,49
3179,119,99,133
3180,41,31,49
3181,348,268,347
3182,162,117,163
3183,47,38,48
3184,79,60,72
3185,99,84,104
3186,27,19,34
3187,116,79,125
3188,40,27,44
3189,62,50,64
3190,96,79,100
3191,658,646,684
3192,232,246,238
3193,104,113,112
3194,653,645,688
3195,597,605,621
3196,332,349,346
3197,555,614,551
3198,125,140,119
3199,1301,1377,1327
3200,150,171,157
3201,1376,1476,1503
3202,242,268,249
3203,368,416,377
3204,352,403,358
3205,1271,1386,1394
3206,306,335,297
3207,317,328,312
3208,479,502,520
3209,292,306,299
3210,200,216,220
3211,225,237,229
3212,107,109,108
3213,302,313,329
3214,189,190,184
3215,93,93,99
3216,286,294,311
3217,354,361,371
3218,230,233,233
3219,327,343,350
3220,90,83,87
3221,559,573,579
3222,99,114,109
3223,775,751,774
3224,149,151,154
3225,237,223,218
3226,213,203,204
3227,688,699,723
3228,263,277,282
3229,206,207,208
3230,234,240,259
3231,160,158,164
3232,119,120,131
3233,131,134,140
3234,73,69,74
3235,636,637,655
3236,288,296,299
3237,131,148,126
3238,875,833,886
3239,489,558,527
3240,277,302,282
3241,503,564,478
3242,160,186,160
3243,1073,1027,1017
3244,164,203,171
3245,1062,1058,1041
3246,193,223,203
3247,315,360,323
3248,336,398,320
3249,925,909,895
3250,372,412,379
3251,265,288,257
3252,388,391,390
3253,299,311,301
3254,205,215,201
3255,246,259,239
3256,129,147,128
3257,123,129,117
3258,48,55,40
3259,27,34,27
3260,92,108,100
3261,106,114,89
3262,75,80,67
3263,138,138,127
3264,28,32,25
3265,161,168,153
3266,36,41,33
3267,291,273,287
3268,46,53,43
3269,68,71,69
3270,55,52,52
3271,299,271,274
3272,70,74,64
3273,70,75,61
3274,56,61,51
3275,57,60,54
3276,38,43,34
3277,55,64,51
3278,21,30,24
3279,527,543,527
3280,211,223,211
3281,165,196,167
3282,439,461,488
3283,434,481,467
3284,241,271,226
3285,476,533,487
3286,141,165,146
3287,635,697,644
3288,131,149,135
3289,905,974,991
3290,240,255,248
3291,427,467,411
3292,335,379,319
3293,975,1093,1072
3294,367,374,357
3295,320,359,342
3296,259,278,272
3297,418,440,419
3298,179,182,176
3299,277,304,291
3300,163,180,165
3301,374,362,368
3302,163,179,171
3303,126,136,124
3304,264,265,261
3305,306,316,308
3306,228,246,235
3307,430,416,421
3308,109,105,107
3309,531,505,489
3310,97,98,101
3311,650,659,688
3312,183,190,181
3313,300,306,292
3314,259,267,246
3315,706,679,722
3316,257,270,260
3317,229,252,251
3318,217,231,229
3319,156,155,156
3320,89,90,81
3321,123,120,114
3322,92,88,87
3323,464,455,429
3324,197,222,197
3325,161,175,151
3326,836,847,781
3327,392,401,400
3328,286,327,287
3329,411,443,416
3330,120,124,107
3331,852,849,833
3332,145,154,146
3333,805,870,834
3334,195,233,214
3335,382,420,391
3336,288,312,280
3337,865,848,800
3338,427,445,423
3339,350,399,371
3340,227,256,223
3341,382,419,366
3342,169,185,162
3343,210,234,213
3344,143,146,129
3345,667,593,632
3346,242,255,256
3347,79,85,75
3348,639,603,640
3349,519,573,563
3350,376,402,390
3351,536,565,534
3352,78,98,75
3353,1083,1107,1090
3354,180,198,185
3355,1142,1188,1194
3356,214,237,217
3357,446,477,441
3358,400,440,386
3359,1445,1426,1496
3360,319,348,344
3361,378,407,413
3362,358,385,372
3363,270,299,270
3364,258,269,260
3365,208,218,196
3366,91,101,87
3367,220,226,227
3368,535,488,504
3369,196,214,210
3370,98,97,93
3371,420,419,395
3372,537,453,505
3373,1259,1047,1118
3374,506,453,448
3375,1804,1580,1770
3376,921,781,815
3377,927,816,891
3378,452,408,412
3379,636,584,551
3380,1864,1568,1716
3381,555,496,520
3382,295,268,272
3383,471,419,419
3384,423,393,377
3385,584,540,545
3386,132,131,138
3387,520,498,482
3388,543,507,535
3389,487,463,463
3390,229,206,219
3391,259,236,270
3392,90,77,88
3393,478,464,523
3394,277,275,281
3395,652,605,678
3396,166,160,170
3397,165,164,169
3398,110,98,108
3399,896,843,874
3400,232,210,224
3401,456,430,439
3402,470,427,454
3403,567,503,510
3404,159,158,156
3405,271,262,273
3406,173,175,184
3407,113,94,100
3408,117,115,108
3409,513,485,518
3410,109,88,110
3411,275,239,260
3412,164,167,163
3413,68,62,65
3414,96,98,95
3415,163,177,169
3416,152,160,150
3417,301,296,321
3418,67,61,64
3419,90,92,88
3420,40,38,38
3421,451,441,464
3422,74,73,68
3423,235,228,228
3424,227,218,211
3425,289,265,270
3426,74,72,69
3427,146,145,160
3428,64,66,63
3429,49,45,52
3430,69,65,66
3431,145,149,158
3432,47,46,45
3433,148,129,134
3434,94,85,81
3435,113,100,113
3436,514,456,508
3437,314,302,315
3438,224,207,203
3439,740,740,762
3440,215,193,207
3441,1528,1417,1442
3442,353,391,375
3443,866,824,863
3444,315,297,304
3445,578,572,589
3446,352,353,318
3447,724,725,682
3448,527,537,507
3449,438,416,432
3450,711,728,729
3451,384,365,349
3452,318,312,291
3453,168,148,139
3454,134,118,127
3455,140,130,129
3456,305,297,304
3457,404,397,412
3458,546,487,570
3459,477,440,503
3460,191,180,178
3461,645,615,623
3462,273,270,277
3463,1607,1527,1516
3464,297,277,295
3465,512,481,490
3466,212,207,202
3467,807,756,767
3468,532,512,510
3469,493,462,464
3470,835,854,824
3471,437,401,421
3472,292,293,312
3473,623,592,638
3474,312,304,316
3475,357,336,373
3476,356,333,348
3477,53,55,49
3478,89,85,91
3479,84,75,81
3480,44,45,41
3481,130,119,128
3482,99,89,86
3483,144,134,126
3484,75,67,66
3485,510,498,488
3486,109,114,114
3487,279,256,267
3488,120,113,115
3489,158,139,135
3490,183,147,152
3491,283,265,268
3492,107,103,97
3493,137,133,124
3494,123,109,124
3495,108,99,109
3496,61,57,60
3497,65,59,63
3498,73,66,69
3499,227,212,215
3500,275,281,243
3501,331,330,297
3502,250,223,219
3503,686,668,587
3504,615,601,578
3505,1936,1871,1818
3506,829,852,778
3507,5934,5962,6238
3508,1662,1606,1600
3509,2091,2042,1984
3510,1038,985,933
3511,1837,1769,1648
3512,1414,1451,1386
3513,1389,1318,1325
3514,909,874,847
3515,1200,1211,1138
3516,1157,1061,1093
3517,1599,1580,1554
3518,391,360,354
3519,299,283,254
3520,783,770,760
3521,154,136,160
3522,254,236,256
3523,266,246,275
3524,294,270,317
3525,343,321,312
3526,290,288,307
3527,728,732,811
3528,327,299,339
3529,2301,1842,2086
3530,222,211,243
3531,597,597,668
3532,227,225,261
3533,633,666,723
3534,807,763,844
3535,525,565,613
3536,726,754,808
3537,401,420,464
3538,348,352,396
3539,564,552,624
3540,130,131,138
3541,284,257,278
3542,369,375,409
3543,133,136,129
3544,308,305,327
3545,244,246,246
3546,128,126,125
3547,290,275,264
3548,349,345,347
3549,629,611,616
3550,283,276,278
3551,1800,1822,1811
3552,293,307,313
3553,831,827,836
3554,288,311,335
3555,558,557,582
3556,653,649,681
3557,799,766,786
3558,575,549,585
3559,362,372,379
3560,432,427,457
3561,398,393,395
3562,131,140,136
3563,225,237,214
3564,246,243,251
3565,135,117,131
3566,21,19,18
3567,26,25,26
3568,221,192,222
3569,40,37,43
3570,59,53,60
3571,297,266,274
3572,76,67,71
3573,809,697,761
3574,24,24,23
3575,349,278,320
3576,37,34,34
3577,252,194,231
3578,122,108,110
3579,314,264,294
3580,58,56,62
3581,48,43,47
3582,55,52,49
3583,118,97,107
3584,25,24,27
3585,33,31,35
3586,45,45,48
3587,142,129,150
3588,237,223,248
3589,139,103,127
3590,127,96,110
3591,315,289,283
3592,218,195,213
3593,518,463,475
3594,222,172,209
3595,2178,1919,2106
3596,316,291,310
3597,583,553,588
3598,218,207,224
3599,431,382,412
3600,390,344,358
3601,680,586,612
3602,426,374,399
3603,331,314,324
3604,526,486,530
3605,389,342,342
3606,146,141,138
3607,157,131,141
3608,201,164,200
3609,293,273,288
3610,118,124,109
3611,167,172,175
3612,428,390,422
3613,222,226,211
3614,247,272,242
3615,728,743,746
3616,314,302,310
3617,1806,1797,1899
3618,150,152,140
3619,817,867,861
3620,175,187,186
3621,682,721,722
3622,484,485,501
3623,1089,1097,1124
3624,374,352,361
3625,366,371,362
3626,414,402,405
3627,865,889,824
3628,144,137,137
3629,202,201,204
3630,498,488,487
3631,255,263,250
3632,73,75,59
3633,57,51,54
3634,316,319,305
3635,223,232,221
3636,92,96,84
3637,217,228,219
3638,51,40,44
3639,318,318,334
3640,63,58,54
3641,216,220,208
3642,74,73,61
3643,133,124,119
3644,106,99,98
3645,113,108,105
3646,106,103,99
3647,132,127,125
3648,87,86,78
3649,111,100,101
3650,110,107,102
3651,122,122,112
3652,72,73,69
3653,52,39,55
3654,40,32,45
3655,30,21,34
3656,13,10,15
3657,71,51,69
3658,136,106,147
3659,180,117,186
3660,47,33,50
3661,196,115,205
3662,31,18,34
3663,234,161,250
3664,85,65,93
3665,118,87,124
3666,195,133,193
3667,265,183,259
3668,89,64,92
3669,73,60,82
3670,66,47,72
3671,37,26,38
3672,15,10,19
3673,37,27,37
3674,28,18,31
3675,13,12,21
3676,34,36,40
3677,26,31,34
3678,20,30,30
3679,49,59,53
3680,83,92,93
3681,213,202,196
3682,11,11,13
3683,42,57,54
3684,16,16,21
3685,194,191,185
3686,52,65,68
3687,119,110,126
3688,121,109,107
3689,191,176,174
3690,75,84,87
3691,124,124,128
3692,25,28,37
3693,45,52,49
3694,11,11,16
3695,38,47,48
3696,27,29,40
3697,134,147,142
3698,73,76,67
3699,57,50,56
3700,87,77,83
3701,274,252,251
3702,342,321,334
3703,388,350,370
3704,95,86,87
3705,617,590,594
3706,116,120,131
3707,1139,996,1045
3708,249,245,255
3709,326,269,298
3710,779,704,709
3711,859,757,734
3712,219,197,209
3713,269,260,260
3714,264,250,262
3715,125,121,126
3716,163,172,172
3717,130,122,126
3718,85,78,79
3719,32,33,37
3720,91,86,107
3721,172,160,191
3722,26,23,32
3723,199,177,199
3724,106,101,115
3725,507,457,523
3726,310,326,335
3727,224,189,220
3728,143,122,155
3729,186,160,179
3730,81,70,87
3731,661,653,709
3732,329,295,337
3733,227,199,224
3734,69,63,69
3735,131,124,129
3736,133,112,134
3737,391,373,410
3738,55,53,64
3739,122,99,130
3740,238,237,242
3741,118,134,131
3742,132,124,132
3743,110,116,119
3744,106,109,109
3745,196,190,176
3746,356,342,342
3747,328,309,296
3748,126,115,113
3749,289,336,297
3750,95,98,101
3751,454,493,458
3752,227,218,234
3753,379,363,356
3754,484,455,442
3755,605,559,611
3756,209,184,201
3757,208,194,196
3758,154,135,155
3759,94,96,92
3760,93,95,87
3761,164,146,163
3762,81,80,78
3763,80,86,91
3764,149,138,143
3765,37,33,37
3766,33,29,38
3767,204,186,204
3768,213,193,202
3769,386,322,365
3770,56,53,63
3771,338,303,332
3772,112,126,124
3773,663,598,706
3774,163,153,162
3775,343,286,358
3776,358,299,329
3777,346,282,334
3778,140,142,143
3779,149,149,148
3780,172,166,174
3781,64,58,62
3782,92,98,97
3783,107,102,100
3784,57,51,64
3807,289,292,326
3808,249,254,256
3809,56,52,60
3810,68,64,70
3811,566,564,607
3812,543,510,553
3813,413,423,414
3814,63,67,56
3815,1066,1046,1114
3816,230,261,247
3817,1053,1019,1080
3818,308,336,323
3819,404,413,410
3820,497,508,535
3821,855,807,823
3822,392,369,396
3823,366,362,384
3824,465,445,501
3825,117,124,121
3826,255,273,276
3827,167,156,140
3828,78,86,80
3829,214,234,214
3830,255,277,266
3831,171,186,161
3832,331,341,354
3833,399,432,385
3834,193,187,169
3835,466,475,453
3836,139,143,121
3837,856,793,794
3838,151,174,156
3839,404,438,399
3840,139,146,123
3841,417,437,407
3842,381,407,375
3843,289,318,281
3844,237,253,240
3845,283,307,286
3846,124,132,117
3847,221,214,204
3848,239,246,244
3849,209,206,196
3850,256,263,267
3851,113,124,125
3852,159,153,150
3853,121,102,105
3854,65,60,58
3855,351,326,364
3856,583,599,619
3857,532,533,532
3858,165,161,161
3859,598,562,572
3860,246,242,259
3861,687,682,679
3862,223,218,230
3863,436,420,462
3864,932,857,995
3865,361,355,335
3866,209,185,196
3867,429,424,441
3868,274,250,267
3869,153,138,138
3870,190,183,182
3871,278,271,277
3872,85,77,75
3873,15,10,17
3874,42,32,48
3875,83,74,86
3876,14,10,16
3877,48,37,47
3878,71,58,66
3879,181,161,197
3880,49,35,54
3881,39,25,36
3882,17,10,20
3883,62,54,60
3884,50,39,54
3885,108,94,121
3886,152,134,160
3887,35,25,40
3888,67,50,67
3889,206,203,224
3890,13,9,15
3891,46,34,45
3892,37,26,42
3893,138,122,139
3894,55,44,55
3895,73,66,68
3896,229,232,214
3897,244,224,221
3898,79,77,75
3899,822,779,851
3900,221,226,208
3901,421,444,417
3902,447,445,421
3903,427,420,464
3904,169,177,172
3905,413,418,424
3906,191,190,190
3907,811,748,789
3908,656,644,612
3909,252,254,245
3910,167,166,161
3911,281,275,257
3912,127,132,129
3913,136,140,147
3914,361,382,367
3915,350,380,354
3916,126,124,118
3917,218,208,206
3918,549,545,530
3919,557,546,563
3920,168,156,174
3921,821,847,941
3922,407,442,404
3923,475,471,468
3924,385,399,388
3925,713,689,778
3926,305,314,291
3927,783,763,820
3928,271,288,266
3929,685,715,748
3930,678,733,747
3931,609,565,592
3932,396,405,394
3933,658,720,671
3934,286,296,273
3935,233,254,243
3936,901,880,912
3937,474,503,493
3938,255,250,259
3939,35,33,37
3940,675,621,683
3941,62,50,62
3942,94,80,101
3943,289,271,321
3944,110,103,115
3945,254,234,269
3946,113,105,123
3947,323,285,372
3948,35,32,38
3949,451,393,490
3950,79,65,79
3951,531,477,555
3952,467,408,487
3953,255,212,260
3954,238,225,255
3955,200,181,207
3956,96,92,106
3957,170,148,174
3958,302,256,322
3959,138,125,145
3960,38,31,40
3961,46,44,44
3962,105,95,101
3963,71,70,73
3964,70,58,60
3965,262,259,295
3966,152,129,140
3967,183,162,168
3968,88,83,84
3969,177,163,179
3970,93,94,97
3971,204,181,198
3972,73,71,68
3973,322,278,312
3974,228,206,227
3975,161,136,152
3976,41,39,42
3977,161,155,164
3978,82,71,84
3979,26,23,22
3980,354,331,371
3981,185,178,184
3982,18,20,21
3983,220,236,226
3984,55,47,46
3985,58,57,58
3986,44,39,37
3987,138,118,121
3988,226,204,205
3989,271,225,259
3990,127,109,112
3991,262,274,284
3992,107,114,109
3993,554,526,552
3994,188,167,168
3995,178,156,164
3996,498,475,518
3997,262,210,248
3998,154,134,143
3999,201,178,185
4000,92,83,89
4001,37,32,38
4002,52,46,46
4003,110,101,108
4004,14,16,14
4005,146,141,139
4006,90,91,92
4007,74,76,73
4008,78,80,75
4009,244,240,235
4010,145,139,149
4011,175,171,170
4012,49,47,47
4013,595,573,556
4014,142,152,148
4015,410,420,408
4016,90,93,84
4017,123,116,125
4018,121,119,116
4019,378,352,356
4020,211,213,214
4021,276,282,296
4022,113,114,112
4023,109,107,109
4024,109,107,119
4025,260,250,262
4026,82,82,80
4027,180,175,206
4028,239,215,237
4029,136,126,138
4030,171,160,166
4031,241,239,249
4032,153,139,149
4033,426,388,386
4034,164,147,164
4035,1969,1761,2041
4036,257,256,267
4037,656,617,635
4038,122,132,132
4039,323,327,337
4040,321,318,309
4041,638,580,612
4042,300,284,311
4043,255,236,247
4044,209,211,237
4045,556,553,577
4046,79,84,79
4047,233,202,223
4048,230,244,253
4049,330,305,312
4050,311,338,321
4051,264,278,266
4052,206,189,218
4053,544,533,500
4054,484,536,482
4055,1228,1170,1236
4056,341,348,327
4057,5692,5487,6435
4058,782,775,810
4059,1903,1862,1839
4060,417,458,414
4061,1080,1073,1099
4062,954,904,930
4063,1620,1649,1710
4064,729,744,745
4065,565,611,580
4066,1090,1147,1187
4067,1709,1691,1729
4068,239,237,236
4069,348,353,341
4070,720,741,722
4071,125,125,130
4072,232,219,230
4073,173,167,186
4074,199,191,206
4075,245,269,267
4076,109,114,105
4077,352,326,349
4078,141,146,143
4079,1129,1163,1249
4080,173,161,167
4081,381,380,385
4082,95,95,95
4083,308,317,327
4084,248,238,234
4085,353,332,337
4086,191,185,204
4087,179,167,176
4088,83,84,80
4089,460,418,437
4090,115,123,121
4091,198,210,219
4092,217,213,224
4093,113,129,142
4094,220,237,218
4095,155,153,153
4096,101,108,101
4097,235,255,271
4098,205,219,199
4099,488,509,488
4100,173,181,181
4101,4265,4147,4587
4102,387,441,423
4103,1054,1149,1101
4104,279,306,291
4105,505,526,537
4106,552,577,546
4107,1296,1385,1379
4108,376,400,376
4109,442,453,459
4110,565,574,626
4111,563,606,564
4112,124,138,137
4113,178,191,201
4114,205,207,198
4115,156,160,170
4116,2102,2210,2354
4117,453,446,463
4118,78,78,82
4119,854,880,870
4120,1117,1194,1246
4121,1942,1989,1846
4122,1131,1130,1259
4123,992,1051,1087
4124,1492,1584,1622
4125,1679,1603,1655
4126,610,638,663
4127,1969,2060,1810
4128,2215,2366,2146
4129,1085,1150,1220
4130,827,846,868
4131,991,1023,989
4132,359,356,383
4133,1038,1067,1113
4134,239,226,238
4135,1162,1175,1239
4136,498,506,522
4137,294,301,293
4138,415,395,386
4139,463,476,478
4140,81,77,78
4141,744,755,641
4142,889,910,877
4143,1463,1321,1313
4144,581,570,554
4145,4062,3813,4284
4146,539,549,519
4147,1249,1197,1190
4148,682,700,689
4149,2020,1950,1993
4150,2109,2146,2170
4151,734,768,773
4152,988,945,957
4153,1177,1132,1200
4154,319,284,294
4155,359,338,349
4156,497,502,488
4157,516,507,505
4158,395,386,378
4159,1087,1074,1116
4160,256,291,264
4161,199,211,206
4162,1061,1042,1067
4163,341,385,346
4164,354,405,379
4165,1199,1306,1209
4166,361,407,379
4167,1148,1161,1197
4168,146,166,148
4169,1170,1246,1178
4170,247,287,256
4171,941,1050,1006
4172,926,1051,936
4173,1029,1068,1019
4174,338,364,363
4175,274,313,276
4176,259,277,270
4177,455,485,455
4178,199,208,207
4179,321,371,344
4180,278,311,273
4181,271,330,310
4182,79,84,75
4183,46,41,45
4184,56,50,51
4185,192,182,169
4186,329,352,338
4187,337,319,315
4188,59,54,56
4189,319,332,297
4190,87,96,81
4191,977,889,925
4192,195,182,183
4193,205,193,184
4194,320,311,321
4195,554,516,533
4196,206,202,205
4197,210,200,196
4198,111,117,110
4199,69,67,68
4200,75,77,78
4201,109,103,105
4202,35,32,34
4203,822,759,779
4204,284,261,262
4205,272,251,266
4206,330,294,328
4207,727,661,655
4208,784,730,717
4209,655,615,610
4210,337,309,317
4211,943,850,820
4212,259,253,240
4213,1205,1125,1177
4214,837,735,781
4215,770,750,730
4216,1006,896,934
4217,906,844,840
4218,911,800,826
4219,913,801,873
4220,350,348,336
4221,338,328,315
4222,345,333,321
4223,265,245,232
4224,188,179,179
4225,675,767,729
4226,303,316,307
4227,274,268,250
4228,73,54,65
4229,1120,1134,1101
4230,2200,2179,2399
4231,2921,2680,2922
4232,713,676,699
4233,1606,1458,1480
4234,767,804,825
4235,3149,2948,3023
4236,1708,1762,1943
4237,2096,2076,2238
4238,3244,3138,3352
4239,2135,2085,2225
4240,1363,1335,1380
4241,1488,1442,1569
4242,926,949,927
4243,429,428,431
4244,382,384,374
4245,500,498,502
4246,156,156,139
4247,147,144,135
4248,377,374,328
4249,309,299,268
4250,221,216,249
4251,699,720,611
4252,554,564,499
4253,1118,945,916
4254,744,657,618
4255,1083,861,1013
4256,680,686,630
4257,766,794,677
4258,580,550,526
4259,916,949,850
4260,1298,1202,1094
4261,1007,996,925
4262,602,534,479
4263,735,719,640
4264,591,522,498
4265,299,299,257
4266,550,639,556
4267,775,745,638
4268,187,185,158
4269,63,66,53
4270,311,328,341
4271,231,251,211
4272,67,71,61
4273,650,636,616
4274,477,489,523
4275,1070,1111,989
4276,664,622,669
4277,881,978,974
4278,362,420,405
4279,576,595,563
4280,375,375,420
4281,1208,1336,1198
4282,1111,1221,1090
4283,628,607,599
4284,391,365,387
4285,607,611,638
4286,244,246,257
4287,394,413,433
4288,273,310,278
4289,647,593,648
4290,268,268,277
4291,77,81,83
4292,609,594,610
4293,386,347,359
4294,61,52,62
4295,771,833,884
4296,748,689,737
4297,1410,1448,1452
4298,626,642,613
4299,722,689,770
4300,395,433,403
4301,1167,1110,1124
4302,498,530,536
4303,1642,1637,1765
4304,1324,1434,1368
4305,725,661,750
4306,658,580,614
4307,671,637,630
4308,326,342,346
4309,353,328,355
4310,324,313,340
4311,467,470,488
4312,494,439,465
4313,295,291,302
4314,1050,1054,1071
4315,807,764,830
4316,235,227,216
4317,1739,1738,1805
4318,1553,1655,1690
4319,2476,2326,2494
4320,786,742,819
4321,2213,2015,2133
4322,756,713,715
4323,2389,2253,2582
4324,943,964,1023
4325,2151,2085,2283
4326,3053,2924,3171
4327,1569,1553,1711
4328,1201,1139,1182
4329,1565,1604,1660
4330,661,657,702
4331,1162,1099,1183
4332,755,724,729
4333,823,867,855
4334,639,632,681
4335,464,443,481
4336,328,312,314
4337,400,357,402
4338,504,477,501
4339,585,563,573
4340,774,796,806
4341,1225,1148,1240
4342,575,547,600
4343,457,444,465
4344,133,135,131
4345,1316,1273,1350
4346,297,281,286
4347,1422,1446,1501
4348,1065,1050,1094
4349,687,671,681
4350,255,264,245
4351,400,391,412
4352,190,210,200
4353,184,183,168
4354,311,277,293
4355,433,399,462
4356,108,95,92
4357,67,63,77
4358,827,922,828
4359,630,624,596
4360,156,158,146
4361,1598,1686,1669
4362,346,334,309
4363,2409,2297,2284
4364,860,801,768
4365,1785,1605,1687
4366,354,338,365
4367,697,629,625
4368,314,313,309
4369,2713,2432,2457
4370,1696,1615,1660
4371,545,505,518
4372,380,352,312
4373,934,856,901
4374,387,371,383
4375,1188,1131,1108
4376,206,198,193
4377,564,574,513
4378,1366,1264,1195
4379,1767,1724,2041
4380,1254,1220,1181
4381,688,611,734
4382,588,558,635
4383,2023,1930,1944
4384,1966,1999,1998
4385,2970,2746,2770
4386,1222,1124,1188
4387,1676,1496,1524
4388,531,527,526
4389,4132,4278,4228
4390,1459,1337,1411
4391,4304,4213,4210
4392,4089,4049,4106
4393,2005,1847,1901
4394,1229,1123,1159
4395,1678,1645,1559
4396,1027,1017,1023
4397,773,802,741
4398,970,866,893
4399,1136,1131,1149
4400,339,326,330
4401,275,280,333
4402,672,707,635
4403,757,775,775
4404,100,88,93
4405,914,969,925
4406,1015,1111,1096
4407,3468,3774,3867
4408,1677,1571,1689
4409,458,477,490
4410,250,262,256
4411,1415,1484,1504
4412,363,349,323
4413,3993,4190,4210
4414,2115,2256,2129
4415,666,650,671
4416,260,244,257
4417,514,508,515
4418,298,288,282
4419,1033,1040,1088
4420,326,304,340
4421,715,762,728
4422,719,725,746
4423,249,236,256
4424,360,376,383
4425,462,443,462
4426,700,614,648
4427,746,759,755
4428,556,587,566
4429,1392,1520,1588
4430,404,396,408
4431,873,846,894
4432,220,226,201
4433,1143,1132,1146
4434,289,303,275
4435,1415,1535,1511
4436,1280,1383,1368
4437,795,776,779
4438,470,480,439
4439,408,439,420
4440,332,331,325
4441,684,726,702
4442,341,334,332
4443,406,436,427
4444,849,811,810
4445,195,200,225
4446,152,154,166
4447,84,80,91
4448,98,91,100
4449,222,203,201
4450,250,233,274
4451,274,230,268
4452,76,67,76
4453,253,248,252
4454,89,103,96
4455,308,266,311
4456,169,172,193
4457,279,227,251
4458,265,215,237
4459,395,369,382
4460,187,177,187
4461,248,211,258
4462,122,134,128
4463,114,117,113
4464,107,113,113
4465,110,110,102
4466,102,101,114
4467,373,377,379
4468,407,405,373
4469,448,447,438
4470,259,224,236
4471,1688,1578,1641
4472,1060,1083,1180
4473,1657,1615,1664
4474,458,436,447
4475,853,841,783
4476,248,261,233
4477,2290,2289,2304
4478,471,492,518
4479,2225,2273,2465
4480,2219,2153,2313
4481,1373,1352,1429
4482,610,541,620
4483,620,571,640
4484,520,500,489
4485,721,713,780
4486,329,335,308
4487,495,548,512
4488,679,631,637
4489,476,500,488
4490,202,221,215
4491,209,232,223
4492,339,330,309
4493,433,437,446
4494,546,553,576
4495,1386,1431,1479
4496,189,199,192
4497,556,550,550
4498,149,162,149
4499,1623,1616,1661
4500,268,263,274
4501,1411,1375,1504
4502,1100,1073,1137
4503,1414,1364,1532
4504,262,261,252
4505,274,272,272
4506,236,241,242
4507,267,302,289
4508,93,97,86
4509,238,258,264
4510,214,245,232
4511,23,17,26
4512,31,24,30
4513,44,36,46
4514,22,17,21
4515,66,50,67
4516,187,156,208
4517,440,369,393
4518,165,121,174
4519,48,33,49
4520,41,29,35
4521,124,93,118
4522,45,40,47
4523,444,366,421
4524,196,145,191
4525,49,46,46
4526,75,66,77
4527,83,70,80
4528,27,21,25
4529,100,78,100
4530,41,27,41
4531,59,45,52
4532,66,58,69
4533,602,644,639
4534,191,219,193
4535,96,101,98
4536,477,526,514
4537,424,529,486
4538,278,322,293
4539,488,579,515
4540,128,136,123
4541,999,1074,1063
4542,132,175,143
4543,1262,1336,1298
4544,202,230,216
4545,335,419,338
4546,296,374,306
4547,1138,1210,1220
4548,306,349,317
4549,264,304,286
4550,326,376,351
4551,234,250,234
4552,234,242,228
4553,209,222,218
4554,92,116,102
4555,312,344,354
4556,166,170,166
4557,88,88,90
4558,242,252,258
4559,291,291,307
4560,216,232,223
4561,374,374,400
4562,86,85,88
4563,536,560,527
4564,101,111,103
4565,773,760,776
4566,144,148,148
4567,252,238,235
4568,241,234,237
4569,700,707,747
4570,234,250,261
4571,223,223,230
4572,234,257,264
4573,158,161,167
4574,141,137,137
4575,129,130,129
4576,70,69,74
4577,543,471,533
4578,237,263,244
4579,124,129,115
4580,638,605,610
4581,414,436,399
4582,251,265,273
4583,487,521,473
4584,134,150,135
4585,880,955,888
4586,122,151,130
4587,934,965,906
4588,166,179,176
4589,281,323,288
4590,272,327,291
4591,883,903,880
4592,347,371,372
4593,261,291,266
4594,243,271,263
4595,243,231,243
4596,187,194,190
4597,179,192,177
4598,93,109,94
4599,147,160,146
4600,53,61,46
4601,31,37,32
4602,133,136,135
4603,138,134,117
4604,121,122,106
4605,208,178,173
4606,35,34,30
4607,151,150,135
4608,38,42,36
4609,351,330,309
4610,51,52,43
4611,126,102,106
4612,74,68,61
4613,339,323,301
4614,76,76,72
4615,75,76,64
4616,54,59,48
4617,65,70,59
4618,43,51,39
4619,57,62,53
4620,31,40,31
4621,412,472,421
4622,181,191,173
4623,134,161,136
4624,330,327,383
4625,371,428,397
4626,307,330,305
4627,463,500,449
4628,124,146,129
4629,552,584,523
4630,104,128,103
4631,812,786,777
4632,222,230,237
4633,385,422,390
4634,292,332,295
4635,866,956,914
4636,295,305,298
4637,305,318,296
4638,201,221,208
4639,386,438,404
4640,158,164,147
4641,236,264,261
4642,144,160,143
4643,308,323,296
4644,134,145,138
4645,114,120,113
4646,203,216,224
4647,263,275,297
4648,216,225,216
4649,435,426,445
4650,98,99,99
4651,450,439,449
4652,93,102,94
4653,576,603,654
4654,154,176,163
4655,315,310,325
4656,256,268,254
4657,383,427,383
4658,261,275,265
4659,243,261,259
4660,175,192,193
4661,142,149,144
4662,90,95,83
4663,120,118,116
4664,99,94,97
4665,387,363,331
4666,171,181,153
4667,127,135,122
4668,714,678,617
4669,416,397,385
4670,246,253,236
4671,470,453,400
4672,113,116,102
4673,779,779,700
4674,127,143,122
4675,734,745,664
4676,187,197,210
4677,403,392,384
4678,230,235,199
4679,781,736,674
4680,321,321,310
4681,309,324,307
4682,185,201,192
4683,340,344,301
4684,129,142,124
4685,206,201,194
4686,142,145,124
4687,498,500,463
4688,209,212,203
4689,58,71,55
4690,417,419,384
4691,324,355,342
4692,340,363,349
4693,529,552,501
4694,57,72,52
4695,1139,1148,1130
4696,144,171,136
4697,1185,1228,1213
4698,186,213,187
4699,374,418,372
4700,382,424,362
4701,1407,1588,1501
4702,240,261,236
4703,342,358,345
4704,261,274,269
4705,210,218,205
4706,188,194,172
4707,185,197,167
4708,84,88,82
4709,151,174,179
4710,410,377,420
4711,125,134,122
4712,75,78,80
4713,239,234,232
4714,622,616,645
4715,1209,1127,1165
4716,391,365,362
4717,1484,1370,1570
4718,1375,1329,1381
4719,964,953,973
4720,314,301,324
4721,707,678,672
4722,1777,1634,1722
4723,475,506,480
4724,316,317,307
4725,540,590,610
4726,240,240,240
4727,462,444,458
4728,124,124,124
4729,398,387,394
4730,340,353,358
4731,473,499,550
4732,225,205,243
4733,278,264,280
4734,69,63,65
4735,547,504,568
4736,301,303,323
4737,790,746,840
4738,198,186,191
4739,157,145,164
4740,75,75,78
4741,1056,953,1052
4742,256,249,258
4743,647,612,716
4744,534,497,548
4745,575,548,572
4746,178,171,189
4747,316,329,334
4748,188,189,216
4749,97,91,84
4750,105,109,115
4751,621,566,635
4752,93,79,91
4753,181,179,204
4754,115,109,113
4755,54,52,50
4756,72,63,66
4757,127,128,126
4758,121,115,108
4759,262,244,278
4760,50,49,47
4761,104,93,95
4762,34,31,27
4763,362,359,339
4764,59,54,56
4765,203,181,199
4766,190,171,177
4767,256,245,247
4768,72,67,68
4769,116,107,116
4770,61,58,58
4771,40,36,36
4772,60,49,53
4773,100,83,94
4774,37,32,33
4775,200,181,205
4776,102,80,90
4777,128,110,123
4778,434,367,431
4779,261,264,264
4780,191,198,181
4781,823,794,848
4782,235,229,226
4783,1357,1466,1567
4784,315,303,313
4785,736,709,771
4786,266,245,246
4787,684,676,712
4788,336,349,308
4789,633,613,663
4790,460,410,411
4791,366,323,345
4792,635,535,636
4793,387,340,353
4794,315,236,291
4795,167,146,143
4796,146,120,153
4797,130,124,120
4798,250,246,245
4799,358,340,371
4800,348,329,349
4801,439,418,438
4802,189,168,178
4803,707,643,689
4804,281,269,280
4805,1418,1392,1339
4806,276,263,255
4807,561,523,521
4808,219,207,202
4809,823,902,865
4810,574,558,552
4811,512,473,476
4812,786,808,791
4813,434,389,415
4814,254,245,256
4815,623,623,612
4816,296,272,306
4817,372,350,400
4818,309,304,295
4819,40,42,43
4820,79,77,86
4821,73,64,73
4822,39,34,34
4823,134,126,130
4824,93,90,93
4825,200,183,173
4826,68,58,63
4827,550,486,498
4828,86,88,77
4829,333,308,314
4830,113,107,103
4831,173,165,165
4832,204,201,185
4833,300,274,281
4834,82,82,78
4835,141,147,127
4836,109,113,106
4837,106,102,101
4838,55,49,52
4839,54,50,52
4840,58,50,54
4841,197,211,200
4842,217,226,199
4843,351,350,335
4844,225,189,197
4845,676,685,567
4846,569,565,534
4847,2168,2017,2130
4848,870,881,792
4849,5171,4701,5708
4850,1610,1488,1586
4851,2353,2316,2252
4852,1021,1041,997
4853,2306,2128,2154
4854,1747,1642,1604
4855,1374,1294,1335
4856,1022,983,953
4857,1282,1169,1103
4858,1051,1038,1051
4859,1624,1545,1390
4860,395,355,338
4861,287,274,260
4862,721,673,626
4863,173,181,202
4864,221,192,196
4865,268,216,228
4866,250,200,216
4867,267,243,230
4868,278,256,249
4869,826,741,854
4870,340,280,290
4871,2041,1651,1886
4872,200,167,177
4873,642,567,633
4874,245,210,243
4875,745,718,830
4876,810,740,837
4877,567,558,634
4878,720,666,706
4879,434,379,369
4880,328,295,294
4881,589,539,568
4882,130,111,126
4883,266,216,226
4884,371,371,361
4885,129,138,140
4886,265,264,280
4887,217,235,213
4888,114,114,104
4889,282,277,248
4890,343,340,358
4891,698,676,667
4892,287,278,269
4893,1863,1900,1789
4894,244,247,264
4895,872,912,868
4896,304,308,318
4897,605,621,621
4898,690,716,694
4899,794,843,807
4900,593,631,603
4901,335,334,336
4902,375,386,389
4903,423,443,403
4904,119,125,114
4905,223,215,200
4906,263,265,264
4907,102,95,115
4908,14,13,15
4909,26,25,28
4910,130,116,129
4911,29,25,30
4912,51,44,54
4913,252,229,241
4914,62,58,67
4915,543,518,573
4916,18,14,17
4917,249,219,230
4918,27,30,31
4919,197,167,181
4920,110,99,103
4921,336,290,308
4922,41,36,46
4923,29,26,30
4924,41,36,40
4925,90,72,82
4926,16,13,15
4927,21,18,22
4928,33,26,33
4929,115,117,139
4930,193,170,210
4931,122,103,122
4932,95,89,102
4933,245,209,241
4934,214,174,214
4935,553,497,547
4936,184,136,171
4937,2056,1810,2178
4938,208,201,242
4939,566,544,552
4940,215,197,241
4941,528,474,527
4942,384,338,344
4943,658,660,671
4944,381,343,390
4945,288,274,299
4946,379,366,408
4947,334,312,325
4948,119,102,118
4949,143,117,135
4950,150,130,165
4951,259,241,262
4952,100,100,94
4953,155,163,159
4954,238,214,235
4955,223,210,216
4956,233,238,224
4957,713,718,734
4958,263,244,242
4959,1040,914,1036
4960,112,114,117
4961,729,732,757
4962,149,155,150
4963,666,661,712
4964,498,485,491
4965,1018,989,1116
4966,341,333,339
4967,333,328,354
4968,292,275,300
4969,766,751,760
4970,114,116,118
4971,178,174,175
4972,377,370,363
4973,155,183,163
4974,60,64,53
4975,48,45,52
4976,183,182,178
4977,141,138,130
4978,82,95,78
4979,156,159,156
4980,43,37,40
4981,251,234,212
4982,28,27,26
4983,154,158,147
4984,53,49,54
4985,106,113,108
4986,96,103,96
4987,103,109,95
4988,86,94,82
4989,90,102,92
4990,69,68,61
4991,84,82,77
4992,79,72,79
4993,87,106,79
4994,55,52,56
4995,56,45,66
4996,44,33,41
4997,42,32,42
4998,14,9,13
4999,71,48,59
5000,140,121,142
5001,200,145,200
5002,53,38,50
5003,178,102,165
5004,33,21,30
5005,266,200,263
5006,118,95,124
5007,171,120,171
5008,201,153,198
5009,288,199,267
5010,95,72,89
5011,89,79,86
5012,68,53,66
5013,39,25,40
5014,21,13,20
5015,47,40,44
5016,31,19,30
5017,24,27,27
5018,34,41,37
5019,32,33,30
5020,25,23,24
5021,47,50,48
5022,93,98,90
5023,208,191,190
5024,24,25,19
5025,132,126,128
5026,22,21,19
5027,187,187,172
5028,48,54,53
5029,213,221,195
5030,177,187,161
5031,204,196,185
5032,76,82,80
5033,114,131,124
5034,35,36,35
5035,72,74,79
5036,19,18,18
5037,57,60,53
5038,37,42,33
5039,137,128,148
5040,74,78,70
5041,55,45,50
5042,76,63,69
5043,301,296,290
5044,375,360,352
5045,481,443,454
5046,99,85,94
5047,682,590,635
5048,101,118,116
5049,1189,1050,1036
5050,227,210,236
5051,390,326,341
5052,976,857,907
5053,874,781,789
5054,215,182,208
5055,278,258,261
5056,237,205,232
5057,109,103,102
5058,128,138,135
5059,126,115,128
5060,56,42,48
5061,31,32,29
5062,80,72,75
5063,175,192,181
5064,16,14,16
5065,155,154,139
5066,89,86,91
5067,614,617,530
5068,411,375,349
5069,191,160,157
5070,91,88,87
5071,172,183,144
5072,73,66,69
5073,842,945,758
5074,334,308,272
5075,188,200,180
5076,75,69,66
5077,106,109,96
5078,110,112,104
5079,393,347,342
5080,34,35,34
5081,130,138,128
5082,204,202,167
5083,105,130,121
5084,100,99,104
5085,99,98,97
5086,92,95,96
5087,179,208,183
5088,313,370,349
5089,368,398,392
5090,126,116,126
5091,252,289,234
5092,60,64,54
5093,500,545,507
5094,183,194,201
5095,380,422,424
5096,548,670,616
5097,666,806,683
5098,195,200,215
5099,164,164,168
5100,115,117,108
5101,82,88,90
5102,89,94,86
5103,126,118,127
5104,61,61,57
5105,81,92,101
5106,116,100,121
5107,35,32,37
5108,33,31,33
5109,174,146,180
5110,208,176,185
5111,447,383,428
5112,60,58,60
5113,318,280,313
5114,86,107,103
5115,568,479,550
5116,132,119,127
5117,426,366,422
5118,393,346,374
5119,320,266,306
5120,115,110,115
5121,130,126,130
5122,157,142,153
5123,62,57,67
5124,77,81,87
5125,98,92,93
5126,39,38,48
5149,270,258,273
5150,166,164,159
5151,42,42,42
5152,70,63,61
5153,435,427,405
5154,496,499,477
5155,451,436,428
5156,56,56,49
5157,1032,904,926
5158,158,176,154
5159,1075,997,1003
5160,254,250,220
5161,407,398,389
5162,518,523,502
5163,797,752,741
5164,305,295,294
5165,296,287,275
5166,403,396,376
5167,92,98,93
5168,242,245,228
5169,133,130,116
5170,68,65,57
5171,206,195,194
5172,233,214,228
5173,148,147,140
5174,265,260,285
5175,313,330,336
5176,189,181,167
5177,447,431,445
5178,131,116,105
5179,793,716,804
5180,125,131,117
5181,371,374,366
5182,128,120,115
5183,425,399,413
5184,363,356,344
5185,306,305,280
5186,208,193,203
5187,243,239,228
5188,122,124,114
5189,224,218,231
5190,265,244,246
5191,177,158,157
5192,209,195,210
5193,89,104,108
5194,108,105,106
5195,80,75,64
5196,46,42,39
5197,206,219,207
5198,538,523,578
5199,585,538,527
5200,136,123,118
5201,610,566,633
5202,170,170,192
5203,636,583,611
5204,170,174,183
5205,455,409,446
5206,864,815,864
5207,264,261,266
5208,149,134,143
5209,372,360,381
5210,172,172,181
5211,105,93,96
5212,157,152,153
5213,238,238,232
5214,61,57,50
5215,17,13,19
5216,32,29,35
5217,62,53,57
5218,13,9,15
5219,40,30,36
5220,64,58,68
5221,192,180,198
5222,42,39,43
5223,26,17,27
5224,10,6,10
5225,44,40,40
5226,42,39,42
5227,100,98,102
5228,151,144,154
5229,40,32,39
5230,54,45,58
5231,175,169,179
5232,13,11,14
5233,41,39,43
5234,31,23,29
5235,110,116,117
5236,43,36,44
5237,61,64,60
5238,216,180,197
5239,177,165,168
5240,57,54,49
5241,594,528,523
5242,199,180,191
5243,501,451,412
5244,479,426,421
5245,328,314,307
5246,106,106,104
5247,369,380,332
5248,156,128,151
5249,1037,889,944
5250,690,585,560
5251,256,226,235
5252,155,123,132
5253,288,260,256
5254,109,98,95
5255,107,93,96
5256,375,347,352
5257,369,320,334
5258,86,85,78
5259,185,174,186
5260,423,416,421
5261,384,349,348
5262,156,147,154
5263,913,957,922
5264,379,380,367
5265,556,501,480
5266,298,292,308
5267,568,533,554
5268,166,157,146
5269,688,725,666
5270,205,197,193
5271,931,1041,973
5272,715,761,653
5273,728,770,702
5274,282,256,268
5275,554,547,542
5276,213,222,193
5277,169,153,156
5278,695,622,652
5279,439,412,411
5280,159,128,141
5281,37,44,47
5282,530,463,508
5283,44,39,48
5284,101,86,80
5285,279,262,287
5286,91,81,95
5287,317,281,336
5288,79,68,82
5289,457,423,448
5290,22,22,23
5291,460,405,445
5292,54,50,54
5293,558,513,580
5294,513,491,552
5295,305,253,294
5296,201,184,223
5297,171,149,172
5298,82,69,87
5299,152,139,160
5300,323,315,318
5301,138,122,134
5302,39,38,43
5303,38,38,38
5304,85,79,91
5305,57,52,56
5306,45,36,40
5307,232,234,246
5308,107,104,103
5309,241,214,228
5310,83,77,87
5311,176,146,190
5312,101,89,101
5313,281,264,282
5314,71,65,66
5315,447,404,457
5316,269,251,261
5317,147,124,144
5318,36,36,37
5319,112,107,114
5320,51,45,49
5321,24,22,22
5322,567,517,594
5323,227,221,225
5324,12,12,11
5325,370,377,387
5326,43,40,37
5327,49,41,44
5328,31,26,31
5329,162,150,147
5330,214,190,209
5331,268,207,257
5332,86,70,81
5333,259,232,234
5334,71,76,77
5335,498,431,507
5336,161,125,141
5337,198,163,188
5338,501,446,505
5339,246,186,245
5340,147,112,140
5341,165,145,156
5342,67,60,62
5343,46,35,41
5344,37,33,33
5345,85,68,83
5346,16,14,16
5347,115,124,122
5348,83,87,87
5349,69,74,68
5350,66,73,69
5351,189,180,192
5352,160,170,175
5353,152,161,153
5354,40,43,43
5355,488,473,473
5356,139,161,160
5357,368,366,377
5358,78,88,82
5359,120,122,128
5360,136,137,141
5361,320,320,324
5362,177,191,194
5363,225,229,254
5364,84,95,96
5365,93,105,102
5366,82,86,95
5367,232,231,252
5368,67,74,70
