id,forecastVolum
1,142
2,177
3,86
4,171
5,190
6,62
7,245
8,57
9,1877
10,216
11,412
12,72
13,172
14,213
15,359
16,227
17,143
18,141
19,475
20,62
21,140
22,161
23,423
24,375
25,329
26,290
27,704
28,486
29,905
30,393
31,7789
32,848
33,1582
34,455
35,762
36,705
37,1491
38,818
39,644
40,1191
41,1427
42,337
43,426
44,774
45,132
46,281
47,231
48,359
49,364
50,153
51,318
52,127
53,1288
54,184
55,345
56,128
57,300
58,330
59,350
60,241
61,209
62,104
63,447
64,191
65,215
66,249
67,172
68,286
69,191
70,167
71,386
72,220
73,371
74,156
75,3410
76,441
77,797
78,308
79,367
80,431
81,1031
82,541
83,486
84,653
85,526
86,182
87,218
88,248
89,297
90,2953
91,583
92,316
93,1264
94,1571
95,3224
96,1771
97,1468
98,2134
99,1966
100,838
101,3976
102,3384
103,1445
104,1259
105,1407
106,488
107,1179
108,370
109,1847
110,627
111,288
112,436
113,508
114,199
115,854
116,1336
117,2192
118,468
119,5245
120,517
121,1460
122,778
123,2025
124,2354
125,1241
126,1041
127,1542
128,355
129,312
130,509
131,404
132,399
133,1100
134,217
135,154
136,1255
137,280
138,276
139,1111
140,239
141,959
142,131
143,1052
144,169
145,572
146,699
147,829
148,244
149,184
150,163
151,290
152,142
153,271
154,200
155,453
156,144
157,98
158,130
159,328
160,483
161,418
162,107
163,448
164,139
165,1009
166,234
167,345
168,464
169,612
170,303
171,295
172,145
173,92
174,139
175,174
176,78
177,750
178,162
179,159
180,257
181,625
182,702
183,959
184,222
185,682
186,164
187,1209
188,704
189,576
190,829
191,728
192,772
193,775
194,233
195,159
196,249
197,187
198,63
199,1334
200,722
201,681
202,423
203,1730
204,1981
205,2844
206,1102
207,1413
208,1051
209,3378
210,1801
211,2043
212,2559
213,2297
214,1689
215,1711
216,1330
217,776
218,816
219,1056
220,507
221,120
222,469
223,273
224,332
225,828
226,1198
227,2033
228,678
229,942
230,604
231,1533
232,747
233,941
234,1865
235,2701
236,779
237,1023
238,661
239,243
240,544
241,1162
242,141
243,61
244,379
245,339
246,83
247,646
248,439
249,1057
250,754
251,726
252,496
253,442
254,467
255,1206
256,1113
257,460
258,409
259,601
260,233
261,342
262,392
263,804
264,296
265,103
266,707
267,470
268,83
269,1065
270,871
271,1482
272,628
273,554
274,501
275,917
276,718
277,1602
278,1361
279,683
280,808
281,662
282,360
283,214
284,377
285,570
286,481
287,393
288,966
289,736
290,433
291,1624
292,1405
293,2270
294,649
295,1746
296,611
297,2158
298,884
299,1798
300,2532
301,1766
302,1171
303,1358
304,604
305,818
306,694
307,709
308,570
309,529
310,302
311,413
312,772
313,488
314,660
315,930
316,577
317,319
318,91
319,1058
320,256
321,1079
322,820
323,430
324,198
325,305
326,150
327,86
328,332
329,406
330,40
331,57
332,882
333,717
334,219
335,1919
336,235
337,2065
338,781
339,1188
340,312
341,433
342,235
343,2257
344,1175
345,372
346,272
347,704
348,295
349,957
350,181
351,475
352,1223
353,1573
354,887
355,462
356,464
357,1453
358,1306
359,2003
360,913
361,805
362,346
363,2491
364,1010
365,2225
366,2569
367,1248
368,868
369,1090
370,796
371,405
372,751
373,888
374,250
375,282
376,648
377,823
378,147
379,978
380,930
381,3335
382,1607
383,362
384,284
385,1023
386,331
387,3899
388,1554
389,451
390,222
391,369
392,273
393,816
394,313
395,714
396,646
397,256
398,355
399,471
400,965
401,741
402,457
403,1274
404,355
405,605
406,227
407,929
408,286
409,1282
410,1152
411,558
412,427
413,370
414,338
415,619
416,362
417,407
418,881
419,312
420,267
421,169
422,162
423,339
424,436
425,508
426,145
427,391
428,200
429,602
430,298
431,371
432,374
433,697
434,302
435,380
436,258
437,201
438,211
439,182
440,185
441,541
442,611
443,639
444,462
445,1611
446,1237
447,1531
448,587
449,520
450,395
451,1930
452,652
453,2207
454,1597
455,1519
456,828
457,752
458,658
459,834
460,468
461,711
462,783
463,732
464,256
465,274
466,600
467,567
468,568
469,1514
470,172
471,550
472,186
473,1814
474,283
475,1350
476,982
477,1621
478,321
479,329
480,283
481,205
482,130
483,311
484,263
485,28
486,60
487,90
488,53
489,182
490,389
491,576
492,226
493,135
494,91
495,220
496,85
497,490
498,345
499,114
500,176
501,181
502,32
503,120
504,110
505,112
506,98
507,530
508,139
509,69
510,562
511,405
512,192
513,419
514,69
515,734
516,97
517,1123
518,151
519,315
520,301
521,1012
522,232
523,200
524,285
525,108
526,182
527,132
528,22
529,216
530,86
531,59
532,216
533,207
534,107
535,178
536,19
537,247
538,64
539,440
540,81
541,129
542,160
543,413
544,155
545,114
546,157
547,30
548,98
549,60
550,5
551,420
552,140
553,65
554,612
555,260
556,113
557,226
558,41
559,480
560,69
561,618
562,86
563,140
564,194
565,519
566,214
567,117
568,176
569,78
570,147
571,90
572,14
573,176
574,22
575,20
576,215
577,106
578,22
579,124
580,-19
581,181
582,8
583,348
584,3
585,62
586,52
587,354
588,22
589,3
590,10
591,5
592,31
593,7
594,3
595,433
596,102
597,104
598,499
599,439
600,188
601,280
602,61
603,356
604,78
605,876
606,135
607,193
608,204
609,1125
610,196
611,170
612,128
613,215
614,136
615,144
616,65
617,277
618,85
619,95
620,216
621,215
622,131
623,244
624,40
625,265
626,67
627,620
628,105
629,156
630,150
631,754
632,205
633,149
634,137
635,44
636,75
637,52
638,22
639,338
640,99
641,84
642,792
643,335
644,129
645,298
646,22
647,697
648,90
649,786
650,132
651,199
652,220
653,890
654,233
655,184
656,139
657,187
658,115
659,114
660,47
661,611
662,355
663,222
664,564
665,692
666,546
667,644
668,272
669,1001
670,288
671,1321
672,343
673,589
674,613
675,1603
676,463
677,556
678,394
679,351
680,320
681,348
682,200
683,221
684,556
685,243
686,186
687,541
688,864
689,2192
690,419
691,3867
692,2061
693,1724
694,400
695,1314
696,3261
697,894
698,394
699,732
700,304
701,446
702,219
703,533
704,448
705,690
706,231
707,373
708,69
709,697
710,377
711,912
712,218
713,290
714,85
715,1124
716,337
717,655
718,645
719,583
720,239
721,449
722,202
723,36
724,133
725,764
726,65
727,371
728,130
729,77
730,90
731,178
732,68
733,265
734,71
735,149
736,41
737,274
738,71
739,225
740,238
741,200
742,69
743,128
744,61
745,11
746,106
747,117
748,20
749,136
750,31
751,74
752,439
753,251
754,129
755,506
756,116
757,1189
758,224
759,530
760,178
761,335
762,253
763,415
764,380
765,265
766,482
767,148
768,276
769,104
770,63
771,142
772,252
773,445
774,590
775,554
776,154
777,550
778,212
779,1270
780,247
781,438
782,204
783,670
784,476
785,416
786,876
787,406
788,254
789,608
790,414
791,397
792,326
793,133
794,187
795,191
796,108
797,296
798,204
799,292
800,146
801,532
802,235
803,431
804,307
805,283
806,363
807,404
808,215
809,308
810,240
811,198
812,198
813,132
814,127
815,217
816,232
817,376
818,296
819,767
820,405
821,1639
822,866
823,6890
824,1474
825,1656
826,933
827,1457
828,1260
829,1107
830,909
831,1064
832,1003
833,1414
834,443
835,260
836,768
837,454
838,578
839,528
840,641
841,586
842,589
843,1183
844,616
845,2036
846,507
847,996
848,546
849,999
850,1196
851,926
852,1329
853,767
854,711
855,990
856,415
857,568
858,725
859,94
860,218
861,182
862,111
863,288
864,274
865,471
866,159
867,1712
868,203
869,709
870,237
871,402
872,559
873,666
874,693
875,274
876,357
877,243
878,123
879,136
880,187
881,109
882,10
883,15
884,205
885,34
886,31
887,210
888,37
889,530
890,22
891,220
892,4
893,150
894,186
895,226
896,26
897,20
898,14
899,39
900,10
901,-2
902,11
903,206
904,274
905,147
906,171
907,345
908,222
909,544
910,167
911,2566
912,280
913,570
914,251
915,434
916,371
917,717
918,507
919,388
920,558
921,331
922,177
923,125
924,171
925,267
926,64
927,162
928,358
929,268
930,217
931,544
932,273
933,1676
934,83
935,633
936,158
937,543
938,392
939,937
940,362
941,330
942,319
943,746
944,128
945,143
946,358
947,169
948,107
949,100
950,191
951,173
952,161
953,272
954,92
955,335
956,104
957,297
958,123
959,235
960,281
961,192
962,152
963,160
964,112
965,90
966,133
967,123
968,78
969,164
970,134
971,130
972,61
973,241
974,478
975,432
976,127
977,345
978,105
979,606
980,378
981,308
982,520
983,687
984,305
985,278
986,205
987,45
988,104
989,113
990,66
991,69
992,85
993,87
994,73
995,207
996,203
997,356
998,60
999,227
1000,69
1001,363
1002,154
1003,333
1004,384
1005,341
1006,201
1007,240
1008,114
1009,78
1010,87
1011,136
1012,74
1013,294
1014,96
1015,71
1016,158
1017,450
1018,489
1019,444
1020,99
1021,500
1022,154
1023,1251
1024,379
1025,301
1026,1030
1027,1016
1028,345
1029,339
1030,332
1031,92
1032,280
1033,169
1034,65
1035,165
1036,303
1037,546
1038,143
1039,641
1040,395
1041,1496
1042,1066
1043,481
1044,388
1045,485
1046,302
1047,1889
1048,975
1049,522
1050,327
1051,402
1052,404
1053,934
1054,226
1055,505
1056,601
1057,375
1058,279
1059,251
1060,333
1061,485
1062,796
1063,709
1064,195
1065,493
1066,188
1067,1055
1068,571
1069,720
1070,1107
1071,1414
1072,487
1073,395
1074,308
1075,133
1076,292
1077,318
1078,131
1079,131
1080,152
1081,36
1082,33
1083,225
1084,217
1085,385
1086,27
1087,338
1088,119
1089,619
1090,168
1091,390
1092,335
1093,364
1094,161
1095,127
1096,191
1097,10
1098,122
1099,104
1100,24
1123,312
1124,109
1125,24
1126,34
1127,492
1128,433
1129,292
1130,-4
1131,872
1132,151
1133,901
1134,228
1135,262
1136,370
1137,685
1138,256
1139,223
1140,394
1141,-10
1142,313
1143,63
1144,4
1145,194
1146,219
1147,136
1148,353
1149,397
1150,128
1151,397
1152,61
1153,633
1154,106
1155,349
1156,97
1157,323
1158,358
1159,245
1160,172
1161,213
1162,87
1163,98
1164,321
1165,123
1166,164
1167,176
1168,197
1169,151
1170,84
1171,439
1172,885
1173,627
1174,186
1175,416
1176,302
1177,831
1178,319
1179,431
1180,1113
1181,271
1182,225
1183,558
1184,304
1185,59
1186,337
1187,567
1188,62
1189,6
1190,49
1191,131
1192,12
1193,114
1194,138
1195,259
1196,34
1197,61
1198,7
1199,119
1200,94
1201,155
1202,266
1203,78
1204,139
1205,387
1206,-7
1207,2
1208,100
1209,225
1210,56
1211,125
1212,400
1213,449
1214,160
1215,1099
1216,350
1217,639
1218,871
1219,337
1220,246
1221,501
1222,319
1223,1268
1224,908
1225,333
1226,252
1227,466
1228,204
1229,152
1230,765
1231,778
1232,174
1233,306
1234,654
1235,643
1236,300
1237,1588
1238,518
1239,701
1240,482
1241,826
1242,267
1243,1113
1244,338
1245,998
1246,1402
1247,1091
1248,473
1249,854
1250,330
1251,186
1252,1124
1253,768
1254,208
1255,-15
1256,796
1257,28
1258,126
1259,303
1260,63
1261,245
1262,41
1263,295
1264,19
1265,292
1266,18
1267,344
1268,442
1269,177
1270,211
1271,162
1272,13
1273,82
1274,487
1275,84
1276,0
1277,178
1278,216
1279,217
1280,180
1281,538
1282,282
1283,385
1284,220
1285,323
1286,230
1287,471
1288,219
1289,481
1290,470
1291,268
1292,169
1293,298
1294,179
1295,102
1296,1266
1297,442
1298,109
1299,1302
1300,63
1301,99
1302,53
1303,411
1304,384
1305,373
1306,169
1307,302
1308,157
1309,714
1310,344
1311,328
1312,818
1313,290
1314,304
1315,338
1316,102
1317,16
1318,90
1319,171
1320,7
1321,173
1322,171
1323,169
1324,153
1325,301
1326,233
1327,264
1328,87
1329,580
1330,229
1331,411
1332,160
1333,227
1334,314
1335,382
1336,271
1337,343
1338,157
1339,118
1340,218
1341,274
1342,134
1343,131
1344,114
1345,89
1346,153
1347,55
1348,-12
1349,155
1350,59
1351,1681
1352,165
1353,298
1354,38
1355,127
1356,61
1357,292
1358,136
1359,63
1360,127
1361,470
1362,53
1363,107
1364,178
1365,369
1366,300
1367,274
1368,235
1369,620
1370,374
1371,901
1372,337
1373,8203
1374,722
1375,1636
1376,364
1377,832
1378,669
1379,1625
1380,628
1381,515
1382,1156
1383,1466
1384,267
1385,347
1386,745
1387,134
1388,248
1389,231
1390,344
1391,307
1392,113
1393,294
1394,136
1395,1381
1396,168
1397,321
1398,116
1399,320
1400,277
1401,378
1402,210
1403,180
1404,99
1405,442
1406,182
1407,200
1408,254
1409,191
1410,260
1411,210
1412,178
1413,364
1414,185
1415,436
1416,177
1417,3723
1418,425
1419,850
1420,290
1421,476
1422,450
1423,1148
1424,444
1425,428
1426,649
1427,572
1428,189
1429,216
1430,298
1431,227
1432,2026
1433,494
1434,241
1435,878
1436,1102
1437,2258
1438,1238
1439,1277
1440,1435
1441,1523
1442,566
1443,3114
1444,2169
1445,1180
1446,778
1447,893
1448,406
1449,993
1450,288
1451,1234
1452,569
1453,144
1454,243
1455,380
1456,61
1457,492
1458,763
1459,1651
1460,311
1461,4677
1462,313
1463,993
1464,387
1465,1700
1466,1590
1467,902
1468,605
1469,871
1470,180
1471,175
1472,283
1473,207
1474,304
1475,1034
1476,174
1477,160
1478,1197
1479,177
1480,210
1481,987
1482,238
1483,893
1484,112
1485,956
1486,143
1487,523
1488,507
1489,781
1490,176
1491,114
1492,174
1493,310
1494,144
1495,247
1496,233
1497,365
1498,77
1499,46
1500,69
1501,233
1502,361
1503,330
1504,58
1505,393
1506,72
1507,840
1508,160
1509,281
1510,364
1511,534
1512,201
1513,207
1514,93
1515,63
1516,76
1517,107
1518,40
1519,664
1520,123
1521,160
1522,225
1523,450
1524,513
1525,824
1526,211
1527,578
1528,135
1529,1048
1530,599
1531,541
1532,646
1533,651
1534,601
1535,599
1536,203
1537,165
1538,217
1539,141
1540,86
1541,1167
1542,585
1543,584
1544,319
1545,1508
1546,1677
1547,2815
1548,952
1549,1401
1550,891
1551,3453
1552,1579
1553,2006
1554,2409
1555,2209
1556,1373
1557,1475
1558,1156
1559,739
1560,664
1561,881
1562,460
1563,25
1564,237
1565,169
1566,283
1567,432
1568,1005
1569,1516
1570,413
1571,764
1572,384
1573,1464
1574,378
1575,690
1576,1065
1577,2473
1578,433
1579,591
1580,490
1581,94
1582,342
1583,753
1584,78
1585,42
1586,265
1587,266
1588,46
1589,428
1590,267
1591,733
1592,606
1593,674
1594,374
1595,335
1596,305
1597,945
1598,678
1599,405
1600,231
1601,374
1602,200
1603,310
1604,288
1605,561
1606,271
1607,30
1608,441
1609,330
1610,24
1611,622
1612,483
1613,954
1614,428
1615,392
1616,321
1617,587
1618,411
1619,1223
1620,714
1621,472
1622,448
1623,323
1624,251
1625,167
1626,226
1627,301
1628,427
1629,308
1630,674
1631,597
1632,341
1633,967
1634,837
1635,1552
1636,504
1637,1165
1638,457
1639,1490
1640,606
1641,1330
1642,1468
1643,1268
1644,727
1645,860
1646,465
1647,673
1648,506
1649,487
1650,499
1651,463
1652,241
1653,378
1654,696
1655,364
1656,469
1657,813
1658,502
1659,375
1660,74
1661,871
1662,202
1663,1011
1664,638
1665,408
1666,109
1667,217
1668,134
1669,123
1670,266
1671,346
1672,79
1673,17
1674,736
1675,606
1676,159
1677,1996
1678,130
1679,1994
1680,638
1681,1282
1682,232
1683,372
1684,141
1685,2266
1686,924
1687,369
1688,134
1689,451
1690,259
1691,933
1692,112
1693,351
1694,1221
1695,1340
1696,629
1697,345
1698,467
1699,1122
1700,921
1701,1686
1702,687
1703,781
1704,215
1705,2182
1706,697
1707,1914
1708,1905
1709,1068
1710,550
1711,754
1712,603
1713,322
1714,531
1715,694
1716,193
1717,226
1718,436
1719,623
1720,83
1721,755
1722,614
1723,2684
1724,1237
1725,349
1726,171
1727,844
1728,165
1729,3327
1730,1128
1731,403
1732,65
1733,184
1734,191
1735,693
1736,200
1737,503
1738,550
1739,210
1740,270
1741,414
1742,887
1743,569
1744,350
1745,1181
1746,321
1747,665
1748,157
1749,864
1750,206
1751,1297
1752,1011
1753,558
1754,300
1755,269
1756,298
1757,618
1758,277
1759,324
1760,916
1761,325
1762,270
1763,189
1764,168
1765,313
1766,407
1767,508
1768,176
1769,423
1770,210
1771,579
1772,294
1773,436
1774,365
1775,745
1776,297
1777,376
1778,280
1779,266
1780,219
1781,199
1782,233
1783,317
1784,379
1785,428
1786,287
1787,1182
1788,821
1789,1216
1790,360
1791,457
1792,193
1793,1597
1794,384
1795,2025
1796,1195
1797,1226
1798,458
1799,442
1800,431
1801,641
1802,258
1803,421
1804,616
1805,739
1806,206
1807,261
1808,599
1809,495
1810,495
1811,1650
1812,151
1813,662
1814,146
1815,2034
1816,231
1817,1474
1818,934
1819,1773
1820,238
1821,257
1822,259
1823,219
1824,107
1825,261
1826,293
1827,7
1828,4
1829,65
1830,23
1831,62
1832,229
1833,381
1834,180
1835,99
1836,36
1837,117
1838,26
1839,350
1840,143
1841,62
1842,79
1843,80
1844,10
1845,114
1846,55
1847,49
1848,97
1849,470
1850,72
1851,45
1852,481
1853,331
1854,130
1855,435
1856,55
1857,846
1858,48
1859,1075
1860,104
1861,364
1862,288
1863,1011
1864,140
1865,132
1866,258
1867,121
1868,137
1869,92
1870,32
1871,187
1872,64
1873,67
1874,191
1875,119
1876,62
1877,111
1878,34
1879,214
1880,42
1881,335
1882,59
1883,103
1884,47
1885,376
1886,105
1887,64
1888,144
1889,68
1890,82
1891,47
1892,39
1893,313
1894,72
1895,41
1896,476
1897,115
1898,17
1899,119
1900,22
1901,394
1902,27
1903,394
1904,31
1905,77
1906,28
1907,372
1908,108
1909,26
1910,123
1911,87
1912,89
1913,39
1914,25
1915,189
1916,45
1917,59
1918,220
1919,72
1920,1
1921,88
1922,17
1923,204
1924,34
1925,373
1926,24
1927,30
1928,-36
1929,390
1930,10
1931,-15
1932,48
1933,52
1934,66
1935,26
1936,56
1937,365
1938,77
1939,97
1940,401
1941,365
1942,134
1943,239
1944,74
1945,362
1946,70
1947,725
1948,98
1949,178
1950,123
1951,1053
1952,113
1953,104
1954,133
1955,231
1956,111
1957,113
1958,97
1959,234
1960,56
1961,89
1962,191
1963,140
1964,77
1965,146
1966,47
1967,250
1968,45
1969,497
1970,70
1971,110
1972,27
1973,681
1974,124
1975,84
1976,125
1977,76
1978,64
1979,34
1980,43
1981,249
1982,44
1983,53
1984,613
1985,192
1986,36
1987,170
1988,1
1989,519
1990,30
1991,552
1992,54
1993,127
1994,46
1995,762
1996,108
1997,82
1998,88
1999,172
2000,78
2001,44
2002,40
2003,531
2004,307
2005,198
2006,474
2007,650
2008,488
2009,715
2010,254
2011,1053
2012,244
2013,1323
2014,290
2015,681
2016,675
2017,1615
2018,392
2019,487
2020,357
2021,345
2022,285
2023,309
2024,191
2025,86
2026,254
2027,142
2028,56
2029,206
2030,400
2031,1438
2032,208
2033,3233
2034,1283
2035,1243
2036,169
2037,942
2038,1978
2039,640
2040,89
2041,305
2042,178
2043,317
2044,90
2045,232
2046,347
2047,537
2048,122
2049,247
2050,-5
2051,450
2052,189
2053,610
2054,114
2055,201
2056,0
2057,807
2058,193
2059,447
2060,375
2061,426
2062,85
2063,248
2064,106
2065,-15
2066,41
2067,556
2068,20
2069,298
2070,126
2071,92
2072,97
2073,155
2074,13
2075,233
2076,107
2077,177
2078,53
2079,189
2080,74
2081,230
2082,169
2083,175
2084,38
2085,107
2086,96
2087,67
2088,110
2089,139
2090,75
2091,108
2092,-15
2093,45
2094,353
2095,163
2096,60
2097,491
2098,93
2099,1145
2100,147
2101,471
2102,116
2103,354
2104,190
2105,421
2106,234
2107,187
2108,433
2109,160
2110,194
2111,63
2112,89
2113,94
2114,166
2115,358
2116,496
2117,339
2118,37
2119,402
2120,157
2121,1031
2122,168
2123,311
2124,116
2125,536
2126,256
2127,321
2128,593
2129,222
2130,196
2131,539
2132,299
2133,280
2134,302
2135,145
2136,148
2137,179
2138,103
2139,213
2140,149
2141,237
2142,158
2143,531
2144,192
2145,364
2146,239
2147,275
2148,253
2149,386
2150,138
2151,210
2152,236
2153,231
2154,159
2155,126
2156,156
2157,81
2158,74
2159,222
2160,152
2161,488
2162,189
2163,1336
2164,583
2165,6943
2166,1129
2167,1557
2168,610
2169,1268
2170,916
2171,1023
2172,533
2173,679
2174,757
2175,1240
2176,243
2177,81
2178,594
2179,381
2180,482
2181,459
2182,572
2183,481
2184,478
2185,1140
2186,544
2187,2011
2188,419
2189,976
2190,450
2191,1011
2192,1114
2193,909
2194,1171
2195,650
2196,625
2197,921
2198,338
2199,479
2200,662
2201,64
2202,146
2203,165
2204,73
2205,137
2206,148
2207,386
2208,125
2209,1679
2210,148
2211,602
2212,163
2213,366
2214,380
2215,614
2216,478
2217,160
2218,308
2219,230
2220,82
2221,64
2222,179
2223,111
2224,-10
2225,24
2226,184
2227,-45
2228,-15
2229,77
2230,37
2231,424
2232,5
2233,122
2234,-12
2235,77
2236,9
2237,157
2238,-18
2239,-33
2240,18
2241,58
2242,8
2243,-11
2244,37
2245,165
2246,180
2247,125
2248,126
2249,165
2250,91
2251,356
2252,140
2253,2151
2254,202
2255,381
2256,164
2257,319
2258,162
2259,562
2260,325
2261,220
2262,458
2263,303
2264,142
2265,75
2266,181
2267,237
2268,3
2269,118
2270,284
2271,184
2272,99
2273,450
2274,235
2275,1580
2276,31
2277,562
2278,85
2279,533
2280,290
2281,865
2282,202
2283,196
2284,288
2285,688
2286,84
2287,92
2288,335
2289,175
2290,91
2291,114
2292,209
2293,80
2294,103
2295,195
2296,103
2297,273
2298,95
2299,211
2300,100
2301,199
2302,130
2303,159
2304,96
2305,103
2306,120
2307,141
2308,133
2309,112
2310,119
2311,120
2312,62
2313,89
2314,31
2315,94
2316,263
2317,282
2318,94
2319,268
2320,48
2321,420
2322,231
2323,218
2324,249
2325,504
2326,164
2327,147
2328,147
2329,56
2330,57
2331,59
2332,65
2333,52
2334,25
2335,56
2336,35
2337,58
2338,61
2339,160
2340,33
2341,141
2342,27
2343,173
2344,63
2345,182
2346,100
2347,195
2348,80
2349,105
2350,68
2351,72
2352,46
2353,66
2354,66
2355,237
2356,45
2357,50
2358,115
2359,266
2360,288
2361,273
2362,82
2363,473
2364,100
2365,863
2366,242
2367,231
2368,577
2369,790
2370,189
2371,203
2372,271
2373,102
2374,198
2375,105
2376,79
2377,131
2378,212
2379,421
2380,93
2381,410
2382,261
2383,1040
2384,788
2385,447
2386,278
2387,356
2388,202
2389,1495
2390,610
2391,431
2392,195
2393,264
2394,320
2395,787
2396,158
2397,364
2398,507
2399,233
2400,113
2401,141
2402,202
2403,160
2404,408
2405,387
2406,95
2407,311
2408,62
2409,648
2410,311
2411,457
2412,553
2413,928
2414,214
2415,156
2416,167
2417,71
2418,142
2419,146
2420,77
2421,110
2422,137
2423,48
2424,36
2425,167
2426,165
2427,319
2428,33
2429,364
2430,115
2431,565
2432,152
2433,367
2434,245
2435,359
2436,98
2437,88
2438,186
2439,36
2440,126
2441,87
2442,55
2465,238
2466,57
2467,16
2468,-5
2469,361
2470,295
2471,240
2472,-7
2473,788
2474,98
2475,701
2476,154
2477,246
2478,285
2479,586
2480,141
2481,131
2482,316
2483,8
2484,243
2485,26
2486,18
2487,149
2488,134
2489,113
2490,270
2491,204
2492,6
2493,217
2494,31
2495,444
2496,53
2497,187
2498,34
2499,198
2500,160
2501,149
2502,67
2503,101
2504,36
2505,98
2506,235
2507,65
2508,158
2509,115
2510,85
2511,69
2512,23
2513,188
2514,508
2515,313
2516,102
2517,366
2518,164
2519,459
2520,153
2521,256
2522,580
2523,161
2524,44
2525,270
2526,204
2527,46
2528,177
2529,323
2530,46
2531,-3
2532,2
2533,83
2534,-5
2535,-9
2536,25
2537,96
2538,22
2539,10
2540,-18
2541,10
2542,30
2543,76
2544,49
2545,25
2546,37
2547,189
2548,-11
2549,22
2550,48
2551,124
2552,62
2553,72
2554,251
2555,326
2556,92
2557,659
2558,144
2559,333
2560,616
2561,204
2562,152
2563,266
2564,181
2565,882
2566,425
2567,195
2568,97
2569,236
2570,133
2571,123
2572,527
2573,492
2574,152
2575,150
2576,389
2577,450
2578,156
2579,993
2580,199
2581,377
2582,298
2583,536
2584,117
2585,693
2586,144
2587,660
2588,737
2589,762
2590,191
2591,435
2592,175
2593,73
2594,721
2595,444
2596,124
2597,-7
2598,568
2599,38
2600,108
2601,217
2602,7
2603,97
2604,36
2605,241
2606,0
2607,221
2608,-3
2609,278
2610,211
2611,132
2612,128
2613,94
2614,28
2615,102
2616,408
2617,60
2618,25
2619,197
2620,190
2621,210
2622,175
2623,391
2624,223
2625,275
2626,224
2627,319
2628,202
2629,376
2630,191
2631,381
2632,282
2633,259
2634,127
2635,230
2636,203
2637,153
2638,913
2639,358
2640,154
2641,950
2642,15
2643,61
2644,20
2645,243
2646,224
2647,267
2648,141
2649,337
2650,97
2651,559
2652,226
2653,282
2654,567
2655,280
2656,192
2657,195
2658,87
2659,38
2660,46
2661,143
2662,19
2663,194
2664,171
2665,198
2666,177
2667,247
2668,188
2669,240
2670,116
2671,574
2672,215
2673,392
2674,156
2675,232
2676,237
2677,384
2678,236
2679,285
2680,178
2681,170
2682,228
2683,264
2684,187
2685,184
2686,173
2687,129
2688,196
2689,139
2690,45
2691,283
2692,100
2693,2365
2694,229
2695,469
2696,92
2697,217
2698,195
2699,454
2700,253
2701,147
2702,175
2703,558
2704,101
2705,168
2706,217
2707,463
2708,372
2709,329
2710,266
2711,822
2712,517
2713,1267
2714,432
2715,8995
2716,881
2717,2065
2718,485
2719,1139
2720,1005
2721,2026
2722,827
2723,708
2724,1328
2725,1649
2726,340
2727,460
2728,833
2729,190
2730,327
2731,303
2732,437
2733,435
2734,183
2735,428
2736,190
2737,1844
2738,228
2739,462
2740,175
2741,441
2742,430
2743,535
2744,314
2745,272
2746,142
2747,546
2748,255
2749,278
2750,323
2751,240
2752,308
2753,243
2754,200
2755,489
2756,263
2757,607
2758,220
2759,4528
2760,508
2761,1125
2762,372
2763,647
2764,667
2765,1458
2766,585
2767,574
2768,765
2769,658
2770,234
2771,278
2772,323
2773,239
2774,2086
2775,507
2776,242
2777,1004
2778,1170
2779,2411
2780,1295
2781,1524
2782,1544
2783,1560
2784,627
2785,3184
2786,2385
2787,1221
2788,900
2789,1015
2790,411
2791,1002
2792,302
2793,1322
2794,579
2795,253
2796,375
2797,518
2798,172
2799,849
2800,1037
2801,2069
2802,462
2803,5376
2804,465
2805,1374
2806,607
2807,2288
2808,2289
2809,1075
2810,956
2811,1168
2812,336
2813,267
2814,448
2815,367
2816,414
2817,1193
2818,222
2819,186
2820,1333
2821,251
2822,284
2823,1295
2824,286
2825,1176
2826,150
2827,1211
2828,181
2829,682
2830,769
2831,971
2832,243
2833,172
2834,206
2835,356
2836,179
2837,311
2838,260
2839,472
2840,112
2841,74
2842,96
2843,340
2844,491
2845,504
2846,101
2847,584
2848,110
2849,1132
2850,224
2851,417
2852,544
2853,740
2854,285
2855,294
2856,137
2857,101
2858,116
2859,162
2860,63
2861,768
2862,157
2863,189
2864,267
2865,637
2866,676
2867,1163
2868,254
2869,894
2870,167
2871,1348
2872,719
2873,745
2874,970
2875,883
2876,794
2877,811
2878,248
2879,198
2880,265
2881,201
2882,90
2883,1587
2884,843
2885,813
2886,477
2887,2126
2888,2246
2889,3682
2890,1323
2891,2077
2892,1216
2893,4240
2894,2068
2895,2753
2896,3223
2897,2864
2898,1876
2899,2028
2900,1554
2901,1021
2902,950
2903,1274
2904,640
2905,92
2906,287
2907,223
2908,413
2909,627
2910,1351
2911,1628
2912,534
2913,1168
2914,485
2915,1560
2916,483
2917,1000
2918,1447
2919,2301
2920,600
2921,655
2922,625
2923,144
2924,424
2925,872
2926,111
2927,121
2928,357
2929,345
2930,90
2931,663
2932,431
2933,1156
2934,763
2935,1033
2936,482
2937,564
2938,444
2939,1313
2940,1104
2941,635
2942,388
2943,583
2944,293
2945,406
2946,392
2947,724
2948,331
2949,70
2950,559
2951,408
2952,48
2953,853
2954,671
2955,1367
2956,541
2957,654
2958,414
2959,840
2960,558
2961,1631
2962,1130
2963,694
2964,646
2965,499
2966,317
2967,211
2968,314
2969,427
2970,498
2971,403
2972,899
2973,760
2974,441
2975,1440
2976,1201
2977,2164
2978,669
2979,1709
2980,594
2981,2041
2982,843
2983,1853
2984,2057
2985,1736
2986,1071
2987,1243
2988,608
2989,872
2990,671
2991,673
2992,621
2993,644
2994,334
2995,492
2996,847
2997,584
2998,694
2999,1234
3000,684
3001,634
3002,137
3003,1287
3004,313
3005,1470
3006,1051
3007,651
3008,223
3009,359
3010,214
3011,188
3012,381
3013,502
3014,117
3015,82
3016,850
3017,718
3018,201
3019,2430
3020,250
3021,2560
3022,799
3023,1728
3024,348
3025,606
3026,241
3027,2862
3028,1423
3029,575
3030,257
3031,714
3032,335
3033,1074
3034,186
3035,484
3036,1304
3037,1806
3038,744
3039,426
3040,544
3041,1476
3042,1152
3043,2163
3044,861
3045,1194
3046,297
3047,2649
3048,881
3049,2377
3050,2268
3051,1402
3052,764
3053,979
3054,733
3055,412
3056,665
3057,919
3058,241
3059,296
3060,518
3061,700
3062,105
3063,1030
3064,772
3065,3164
3066,1412
3067,573
3068,252
3069,1129
3070,249
3071,3854
3072,1588
3073,574
3074,147
3075,311
3076,239
3077,780
3078,273
3079,624
3080,598
3081,338
3082,389
3083,546
3084,1087
3085,898
3086,564
3087,1746
3088,464
3089,1031
3090,253
3091,1285
3092,341
3093,1836
3094,1547
3095,850
3096,490
3097,457
3098,416
3099,806
3100,411
3101,491
3102,1101
3103,483
3104,418
3105,303
3106,279
3107,544
3108,633
3109,816
3110,301
3111,781
3112,341
3113,902
3114,465
3115,699
3116,663
3117,1098
3118,502
3119,599
3120,418
3121,393
3122,367
3123,338
3124,340
3125,374
3126,415
3127,452
3128,285
3129,1356
3130,965
3131,1537
3132,432
3133,683
3134,222
3135,1828
3136,475
3137,2320
3138,1508
3139,1400
3140,604
3141,571
3142,456
3143,690
3144,297
3145,508
3146,618
3147,880
3148,333
3149,386
3150,752
3151,708
3152,698
3153,1961
3154,268
3155,905
3156,266
3157,2261
3158,379
3159,1811
3160,1274
3161,2027
3162,411
3163,428
3164,383
3165,340
3166,214
3167,407
3168,415
3169,32
3170,30
3171,94
3172,41
3173,125
3174,329
3175,555
3176,231
3177,186
3178,65
3179,194
3180,67
3181,474
3182,273
3183,126
3184,153
3185,149
3186,29
3187,139
3188,99
3189,92
3190,114
3191,678
3192,184
3193,131
3194,630
3195,586
3196,311
3197,732
3198,162
3199,1285
3200,150
3201,1607
3202,235
3203,607
3204,556
3205,1496
3206,306
3207,298
3208,408
3209,227
3210,270
3211,226
3212,102
3213,256
3214,108
3215,103
3216,251
3217,215
3218,130
3219,216
3220,66
3221,371
3222,80
3223,514
3224,112
3225,177
3226,158
3227,557
3228,193
3229,135
3230,195
3231,93
3232,140
3233,94
3234,57
3235,445
3236,140
3237,89
3238,613
3239,247
3240,113
3241,284
3242,71
3243,727
3244,79
3245,684
3246,107
3247,187
3248,188
3249,656
3250,240
3251,126
3252,198
3253,139
3254,167
3255,112
3256,54
3257,239
3258,68
3259,72
3260,265
3261,123
3262,33
3263,148
3264,26
3265,302
3266,51
3267,444
3268,43
3269,70
3270,29
3271,452
3272,40
3273,10
3274,63
3275,63
3276,100
3277,47
3278,64
3279,464
3280,108
3281,120
3282,500
3283,513
3284,234
3285,457
3286,104
3287,625
3288,95
3289,1059
3290,152
3291,339
3292,320
3293,1386
3294,198
3295,190
3296,169
3297,289
3298,155
3299,174
3300,106
3301,297
3302,97
3303,119
3304,236
3305,231
3306,146
3307,260
3308,73
3309,439
3310,75
3311,701
3312,117
3313,187
3314,139
3315,887
3316,212
3317,157
3318,162
3319,95
3320,114
3321,74
3322,55
3323,338
3324,102
3325,97
3326,737
3327,328
3328,114
3329,319
3330,38
3331,867
3332,77
3333,808
3334,122
3335,233
3336,185
3337,1009
3338,220
3339,181
3340,135
3341,221
3342,151
3343,106
3344,68
3345,616
3346,319
3347,186
3348,512
3349,796
3350,572
3351,897
3352,274
3353,1366
3354,251
3355,1616
3356,325
3357,843
3358,856
3359,1952
3360,457
3361,574
3362,391
3363,369
3364,304
3365,348
3366,175
3367,141
3368,355
3369,189
3370,94
3371,336
3372,519
3373,1692
3374,287
3375,3522
3376,1391
3377,1387
3378,247
3379,1130
3380,2334
3381,758
3382,188
3383,443
3384,224
3385,374
3386,148
3387,333
3388,406
3389,704
3390,192
3391,338
3392,25
3393,669
3394,332
3395,943
3396,197
3397,369
3398,44
3399,1139
3400,299
3401,688
3402,634
3403,631
3404,185
3405,402
3406,177
3407,22
3408,99
3409,748
3410,54
3411,430
3412,173
3413,131
3414,130
3415,265
3416,82
3417,412
3418,170
3419,339
3420,94
3421,332
3422,136
3423,388
3424,335
3425,305
3426,105
3427,194
3428,149
3429,107
3430,164
3431,216
3432,101
3433,195
3434,32
3435,100
3436,444
3437,300
3438,155
3439,771
3440,170
3441,1584
3442,231
3443,708
3444,208
3445,551
3446,373
3447,629
3448,378
3449,303
3450,573
3451,231
3452,294
3453,141
3454,129
3455,160
3456,247
3457,458
3458,602
3459,543
3460,131
3461,649
3462,233
3463,1531
3464,246
3465,508
3466,207
3467,788
3468,501
3469,517
3470,855
3471,389
3472,272
3473,645
3474,414
3475,412
3476,367
3477,188
3478,180
3479,208
3480,114
3481,291
3482,214
3483,358
3484,199
3485,685
3486,234
3487,482
3488,304
3489,381
3490,395
3491,501
3492,199
3493,286
3494,275
3495,262
3496,203
3497,169
3498,169
3499,154
3500,121
3501,275
3502,184
3503,714
3504,331
3505,1794
3506,703
3507,7672
3508,1205
3509,1973
3510,766
3511,1663
3512,1375
3513,1352
3514,728
3515,912
3516,868
3517,1318
3518,329
3519,174
3520,632
3521,439
3522,560
3523,520
3524,623
3525,616
3526,592
3527,1436
3528,626
3529,2494
3530,484
3531,1208
3532,544
3533,1248
3534,1435
3535,1140
3536,1404
3537,816
3538,709
3539,1031
3540,394
3541,572
3542,725
3543,127
3544,240
3545,244
3546,124
3547,276
3548,282
3549,620
3550,203
3551,2414
3552,236
3553,898
3554,278
3555,558
3556,658
3557,909
3558,737
3559,306
3560,431
3561,320
3562,160
3563,148
3564,248
3565,132
3566,-4
3567,22
3568,211
3569,-36
3570,-3
3571,140
3572,44
3573,570
3574,18
3575,172
3576,-6
3577,116
3578,79
3579,209
3580,-3
3581,-19
3582,15
3583,58
3584,11
3585,-4
3586,29
3587,214
3588,248
3589,164
3590,159
3591,275
3592,182
3593,560
3594,189
3595,2961
3596,269
3597,581
3598,246
3599,467
3600,359
3601,805
3602,485
3603,363
3604,571
3605,363
3606,194
3607,122
3608,212
3609,338
3610,50
3611,178
3612,356
3613,315
3614,211
3615,738
3616,334
3617,2273
3618,86
3619,865
3620,169
3621,805
3622,525
3623,1224
3624,346
3625,339
3626,396
3627,862
3628,148
3629,169
3630,417
3631,252
3632,159
3633,170
3634,277
3635,198
3636,216
3637,370
3638,168
3639,512
3640,161
3641,383
3642,184
3643,338
3644,331
3645,300
3646,214
3647,219
3648,187
3649,201
3650,210
3651,193
3652,162
3653,154
3654,92
3655,115
3656,40
3657,166
3658,372
3659,400
3660,122
3661,399
3662,70
3663,554
3664,307
3665,301
3666,415
3667,655
3668,256
3669,230
3670,180
3671,62
3672,95
3673,94
3674,68
3675,79
3676,52
3677,76
3678,43
3679,127
3680,133
3681,287
3682,54
3683,277
3684,45
3685,290
3686,110
3687,284
3688,251
3689,308
3690,161
3691,184
3692,90
3693,92
3694,81
3695,108
3696,69
3697,323
3698,89
3699,87
3700,158
3701,407
3702,442
3703,478
3704,139
3705,682
3706,154
3707,1186
3708,350
3709,385
3710,938
3711,1046
3712,302
3713,322
3714,343
3715,144
3716,272
3717,178
3718,102
3719,179
3720,252
3721,479
3722,102
3723,552
3724,358
3725,1337
3726,902
3727,623
3728,335
3729,488
3730,271
3731,1730
3732,867
3733,566
3734,277
3735,358
3736,376
3737,866
3738,202
3739,454
3740,542
3741,280
3742,154
3743,177
3744,241
3745,264
3746,549
3747,585
3748,126
3749,472
3750,94
3751,855
3752,394
3753,631
3754,862
3755,1128
3756,324
3757,248
3758,202
3759,85
3760,188
3761,202
3762,82
3763,153
3764,176
3765,71
3766,54
3767,227
3768,221
3769,422
3770,55
3771,475
3772,152
3773,684
3774,197
3775,454
3776,358
3777,441
3778,148
3779,132
3780,229
3781,48
3782,166
3783,124
3784,70
3807,370
3808,131
3809,73
3810,44
3811,574
3812,477
3813,463
3814,59
3815,1201
3816,184
3817,1065
3818,270
3819,450
3820,547
3821,882
3822,274
3823,264
3824,443
3825,68
3826,359
3827,113
3828,66
3829,208
3830,193
3831,153
3832,337
3833,322
3834,66
3835,389
3836,59
3837,726
3838,92
3839,326
3840,82
3841,319
3842,335
3843,265
3844,152
3845,191
3846,66
3847,138
3848,318
3849,120
3850,192
3851,202
3852,148
3853,127
3854,62
3855,343
3856,687
3857,554
3858,180
3859,634
3860,248
3861,712
3862,261
3863,447
3864,961
3865,304
3866,148
3867,428
3868,285
3869,100
3870,273
3871,446
3872,84
3873,9
3874,19
3875,110
3876,-3
3877,39
3878,81
3879,199
3880,38
3881,84
3882,-7
3883,65
3884,67
3885,135
3886,165
3887,85
3888,105
3889,296
3890,-6
3891,24
3892,85
3893,180
3894,62
3895,94
3896,303
3897,372
3898,110
3899,834
3900,224
3901,504
3902,700
3903,329
3904,189
3905,394
3906,244
3907,1105
3908,671
3909,290
3910,168
3911,343
3912,157
3913,135
3914,628
3915,599
3916,157
3917,169
3918,458
3919,493
3920,161
3921,1281
3922,305
3923,558
3924,344
3925,776
3926,128
3927,915
3928,192
3929,833
3930,1089
3931,924
3932,292
3933,609
3934,188
3935,67
3936,858
3937,547
3938,102
3939,-10
3940,666
3941,33
3942,112
3943,268
3944,29
3945,166
3946,41
3947,336
3948,11
3949,267
3950,2
3951,345
3952,338
3953,157
3954,174
3955,131
3956,27
3957,98
3958,450
3959,78
3960,11
3961,278
3962,251
3963,265
3964,221
3965,597
3966,345
3967,503
3968,312
3969,549
3970,278
3971,594
3972,281
3973,606
3974,531
3975,430
3976,219
3977,364
3978,270
3979,208
3980,1075
3981,491
3982,187
3983,990
3984,58
3985,106
3986,58
3987,402
3988,371
3989,485
3990,228
3991,571
3992,159
3993,851
3994,342
3995,479
3996,905
3997,460
3998,322
3999,325
4000,143
4001,81
4002,102
4003,233
4004,42
4005,278
4006,249
4007,272
4008,238
4009,398
4010,315
4011,401
4012,186
4013,885
4014,303
4015,584
4016,251
4017,365
4018,435
4019,599
4020,389
4021,456
4022,252
4023,240
4024,328
4025,380
4026,244
4027,188
4028,164
4029,128
4030,203
4031,120
4032,27
4033,278
4034,100
4035,2554
4036,230
4037,460
4038,86
4039,213
4040,157
4041,451
4042,255
4043,142
4044,173
4045,607
4046,93
4047,168
4048,229
4049,521
4050,413
4051,377
4052,317
4053,893
4054,555
4055,1387
4056,481
4057,9685
4058,961
4059,2231
4060,540
4061,1254
4062,1090
4063,2237
4064,882
4065,770
4066,1433
4067,1800
4068,386
4069,511
4070,906
4071,191
4072,323
4073,311
4074,462
4075,426
4076,168
4077,416
4078,193
4079,1937
4080,225
4081,444
4082,172
4083,445
4084,405
4085,524
4086,307
4087,270
4088,136
4089,574
4090,253
4091,281
4092,337
4093,278
4094,329
4095,273
4096,237
4097,538
4098,283
4099,648
4100,249
4101,5020
4102,557
4103,1213
4104,416
4105,698
4106,733
4107,1597
4108,632
4109,639
4110,846
4111,748
4112,260
4113,312
4114,362
4115,323
4116,2139
4117,618
4118,355
4119,1168
4120,1288
4121,2553
4122,1464
4123,1886
4124,1715
4125,1659
4126,726
4127,3355
4128,2438
4129,1322
4130,1024
4131,1135
4132,508
4133,1172
4134,386
4135,1527
4136,717
4137,263
4138,385
4139,553
4140,215
4141,905
4142,1106
4143,2230
4144,494
4145,5847
4146,483
4147,1437
4148,642
4149,2614
4150,2611
4151,1105
4152,1013
4153,1268
4154,369
4155,286
4156,470
4157,383
4158,445
4159,1284
4160,208
4161,188
4162,1416
4163,238
4164,278
4165,1369
4166,294
4167,1242
4168,139
4169,1272
4170,174
4171,691
4172,762
4173,1000
4174,231
4175,155
4176,213
4177,371
4178,181
4179,316
4180,270
4181,444
4182,48
4183,17
4184,50
4185,274
4186,431
4187,402
4188,32
4189,445
4190,47
4191,1058
4192,167
4193,308
4194,438
4195,642
4196,216
4197,224
4198,71
4199,42
4200,56
4201,95
4202,5
4203,720
4204,91
4205,137
4206,220
4207,558
4208,599
4209,1122
4210,191
4211,791
4212,104
4213,1275
4214,673
4215,661
4216,890
4217,788
4218,751
4219,770
4220,187
4221,149
4222,201
4223,135
4224,42
4225,1744
4226,892
4227,880
4228,532
4229,2310
4230,2414
4231,4165
4232,1412
4233,2275
4234,1295
4235,4712
4236,2276
4237,3094
4238,3604
4239,3131
4240,2012
4241,2194
4242,1670
4243,1091
4244,1019
4245,1375
4246,700
4247,83
4248,271
4249,205
4250,488
4251,630
4252,1425
4253,1691
4254,526
4255,1262
4256,470
4257,1657
4258,501
4259,1006
4260,1549
4261,2166
4262,640
4263,629
4264,653
4265,153
4266,405
4267,866
4268,97
4269,110
4270,331
4271,328
4272,83
4273,667
4274,413
4275,1162
4276,776
4277,1031
4278,466
4279,502
4280,433
4281,1325
4282,1101
4283,603
4284,370
4285,585
4286,272
4287,406
4288,377
4289,726
4290,314
4291,72
4292,577
4293,432
4294,59
4295,894
4296,699
4297,1514
4298,585
4299,673
4300,432
4301,863
4302,590
4303,1854
4304,1201
4305,724
4306,680
4307,510
4308,334
4309,239
4310,324
4311,441
4312,561
4313,460
4314,1023
4315,869
4316,527
4317,1642
4318,1346
4319,2572
4320,762
4321,2029
4322,666
4323,2392
4324,951
4325,2189
4326,2349
4327,2015
4328,1198
4329,1404
4330,687
4331,1007
4332,751
4333,753
4334,722
4335,692
4336,334
4337,520
4338,905
4339,595
4340,713
4341,1271
4342,722
4343,606
4344,130
4345,1293
4346,315
4347,1544
4348,1062
4349,638
4350,211
4351,356
4352,207
4353,199
4354,389
4355,525
4356,120
4357,95
4358,877
4359,765
4360,218
4361,2673
4362,253
4363,2770
4364,861
4365,1813
4366,376
4367,592
4368,250
4369,3133
4370,1494
4371,587
4372,255
4373,735
4374,353
4375,1168
4376,191
4377,506
4378,1403
4379,2217
4380,779
4381,454
4382,620
4383,1677
4384,1241
4385,2386
4386,943
4387,1282
4388,310
4389,2894
4390,951
4391,2638
4392,2464
4393,1526
4394,808
4395,1045
4396,789
4397,459
4398,710
4399,1056
4400,262
4401,313
4402,527
4403,739
4404,115
4405,1130
4406,799
4407,3404
4408,1551
4409,561
4410,264
4411,1152
4412,246
4413,4201
4414,1679
4415,579
4416,135
4417,313
4418,245
4419,845
4420,280
4421,650
4422,637
4423,346
4424,384
4425,557
4426,1137
4427,906
4428,563
4429,1811
4430,469
4431,1001
4432,244
4433,1272
4434,335
4435,1917
4436,1586
4437,829
4438,480
4439,447
4440,408
4441,848
4442,412
4443,493
4444,1164
4445,491
4446,419
4447,297
4448,273
4449,553
4450,657
4451,825
4452,302
4453,768
4454,340
4455,893
4456,481
4457,718
4458,659
4459,1126
4460,520
4461,626
4462,419
4463,405
4464,367
4465,337
4466,339
4467,342
4468,359
4469,418
4470,257
4471,1370
4472,922
4473,1591
4474,403
4475,665
4476,180
4477,1843
4478,444
4479,2460
4480,1537
4481,1410
4482,561
4483,522
4484,394
4485,676
4486,259
4487,467
4488,589
4489,884
4490,331
4491,396
4492,779
4493,721
4494,707
4495,2114
4496,279
4497,1000
4498,267
4499,2353
4500,385
4501,1965
4502,1331
4503,2103
4504,412
4505,429
4506,383
4507,365
4508,215
4509,409
4510,439
4511,22
4512,7
4513,85
4514,35
4515,91
4516,312
4517,539
4518,228
4519,130
4520,50
4521,154
4522,50
4523,451
4524,217
4525,83
4526,126
4527,123
4528,14
4529,140
4530,82
4531,70
4532,116
4533,681
4534,141
4535,98
4536,618
4537,555
4538,271
4539,692
4540,132
4541,1263
4542,110
4543,1630
4544,202
4545,568
4546,500
4547,1517
4548,269
4549,264
4550,374
4551,210
4552,230
4553,192
4554,73
4555,264
4556,96
4557,98
4558,264
4559,207
4560,120
4561,200
4562,60
4563,335
4564,68
4565,518
4566,103
4567,163
4568,119
4569,569
4570,183
4571,123
4572,192
4573,99
4574,131
4575,83
4576,58
4577,481
4578,136
4579,86
4580,666
4581,257
4582,111
4583,290
4584,71
4585,744
4586,76
4587,715
4588,108
4589,189
4590,163
4591,698
4592,244
4593,127
4594,206
4595,158
4596,165
4597,113
4598,61
4599,254
4600,70
4601,74
4602,295
4603,165
4604,34
4605,145
4606,32
4607,366
4608,50
4609,467
4610,45
4611,63
4612,1
4613,475
4614,40
4615,6
4616,72
4617,69
4618,108
4619,53
4620,72
4621,500
4622,105
4623,116
4624,558
4625,593
4626,269
4627,466
4628,99
4629,601
4630,85
4631,1125
4632,153
4633,322
4634,302
4635,1548
4636,212
4637,204
4638,174
4639,320
4640,157
4641,185
4642,110
4643,325
4644,100
4645,126
4646,273
4647,276
4648,165
4649,273
4650,79
4651,448
4652,76
4653,771
4654,122
4655,190
4656,120
4657,1000
4658,219
4659,166
4660,178
4661,111
4662,121
4663,78
4664,67
4665,349
4666,90
4667,84
4668,799
4669,383
4670,115
4671,335
4672,27
4673,919
4674,59
4675,876
4676,111
4677,231
4678,181
4679,1129
4680,219
4681,186
4682,128
4683,229
4684,145
4685,95
4686,62
4687,559
4688,251
4689,128
4690,468
4691,723
4692,484
4693,791
4694,207
4695,1236
4696,184
4697,1504
4698,256
4699,761
4700,757
4701,1868
4702,376
4703,492
4704,321
4705,311
4706,242
4707,277
4708,114
4709,151
4710,364
4711,197
4712,125
4713,390
4714,489
4715,1858
4716,305
4717,3987
4718,1404
4719,1448
4720,244
4721,1239
4722,2412
4723,784
4724,178
4725,444
4726,237
4727,405
4728,153
4729,347
4730,442
4731,697
4732,146
4733,304
4734,-12
4735,618
4736,264
4737,875
4738,143
4739,252
4740,-10
4741,1069
4742,246
4743,592
4744,520
4745,526
4746,124
4747,340
4748,125
4749,-27
4750,48
4751,732
4752,7
4753,430
4754,146
4755,111
4756,127
4757,222
4758,25
4759,318
4760,141
4761,216
4762,66
4763,217
4764,105
4765,296
4766,233
4767,209
4768,62
4769,155
4770,116
4771,86
4772,142
4773,194
4774,86
4775,177
4776,-7
4777,68
4778,440
4779,267
4780,115
4781,741
4782,137
4783,1616
4784,193
4785,652
4786,175
4787,502
4788,306
4789,594
4790,345
4791,265
4792,574
4793,217
4794,265
4795,106
4796,116
4797,139
4798,219
4799,444
4800,594
4801,524
4802,98
4803,652
4804,216
4805,1568
4806,219
4807,486
4808,185
4809,801
4810,471
4811,502
4812,860
4813,368
4814,252
4815,649
4816,393
4817,405
4818,358
4819,171
4820,141
4821,179
4822,96
4823,242
4824,170
4825,261
4826,168
4827,588
4828,197
4829,381
4830,272
4831,293
4832,297
4833,422
4834,158
4835,244
4836,240
4837,246
4838,168
4839,135
4840,144
4841,158
4842,103
4843,275
4844,184
4845,737
4846,319
4847,1938
4848,723
4849,8300
4850,1237
4851,2136
4852,795
4853,1801
4854,1472
4855,1466
4856,736
4857,942
4858,893
4859,1401
4860,329
4861,165
4862,649
4863,459
4864,583
4865,564
4866,661
4867,627
4868,599
4869,1577
4870,658
4871,2781
4872,509
4873,1291
4874,573
4875,1367
4876,1562
4877,1205
4878,1483
4879,851
4880,747
4881,1092
4882,412
4883,594
4884,782
4885,105
4886,216
4887,232
4888,98
4889,239
4890,256
4891,632
4892,185
4893,2653
4894,219
4895,921
4896,268
4897,568
4898,637
4899,934
4900,746
4901,285
4902,430
4903,323
4904,133
4905,122
4906,239
4907,149
4908,-12
4909,27
4910,229
4911,-50
4912,-14
4913,126
4914,46
4915,584
4916,13
4917,165
4918,-7
4919,114
4920,42
4921,213
4922,-13
4923,-30
4924,16
4925,68
4926,11
4927,-7
4928,39
4929,194
4930,220
4931,139
4932,143
4933,246
4934,149
4935,541
4936,174
4937,3208
4938,247
4939,545
4940,229
4941,445
4942,303
4943,806
4944,485
4945,353
4946,584
4947,368
4948,168
4949,96
4950,204
4951,345
4952,26
4953,167
4954,363
4955,292
4956,179
4957,696
4958,327
4959,2409
4960,65
4961,834
4962,150
4963,786
4964,474
4965,1255
4966,322
4967,317
4968,395
4969,912
4970,133
4971,149
4972,421
4973,275
4974,166
4975,182
4976,310
4977,212
4978,232
4979,398
4980,186
4981,547
4982,173
4983,410
4984,196
4985,371
4986,334
4987,317
4988,224
4989,235
4990,206
4991,234
4992,222
4993,211
4994,182
4995,131
4996,55
4997,91
4998,21
4999,116
5000,337
5001,350
5002,98
5003,313
5004,40
5005,499
5006,280
5007,254
5008,341
5009,603
5010,210
5011,190
5012,153
5013,48
5014,65
5015,60
5016,54
5017,106
5018,60
5019,94
5020,67
5021,131
5022,140
5023,299
5024,71
5025,264
5026,58
5027,292
5028,122
5029,301
5030,236
5031,315
5032,168
5033,197
5034,105
5035,126
5036,93
5037,121
5038,95
5039,342
5040,78
5041,84
5042,171
5043,406
5044,448
5045,433
5046,135
5047,646
5048,146
5049,1161
5050,357
5051,343
5052,926
5053,1057
5054,296
5055,323
5056,344
5057,153
5058,272
5059,174
5060,103
5061,115
5062,174
5063,411
5064,47
5065,444
5066,269
5067,1191
5068,827
5069,451
5070,260
5071,316
5072,193
5073,1568
5074,710
5075,420
5076,191
5077,268
5078,296
5079,816
5080,133
5081,378
5082,472
5083,276
5084,131
5085,171
5086,244
5087,225
5088,541
5089,585
5090,116
5091,437
5092,76
5093,851
5094,385
5095,635
5096,873
5097,1132
5098,303
5099,228
5100,184
5101,85
5102,169
5103,185
5104,79
5105,149
5106,174
5107,69
5108,53
5109,234
5110,215
5111,433
5112,58
5113,541
5114,153
5115,690
5116,202
5117,475
5118,358
5119,458
5120,138
5121,136
5122,233
5123,60
5124,167
5125,124
5126,74
5149,362
5150,104
5151,50
5152,34
5153,573
5154,458
5155,388
5156,31
5157,1161
5158,156
5159,1011
5160,248
5161,379
5162,489
5163,836
5164,245
5165,235
5166,418
5167,53
5168,346
5169,84
5170,45
5171,202
5172,176
5173,143
5174,347
5175,311
5176,28
5177,365
5178,38
5179,688
5180,73
5181,278
5182,61
5183,287
5184,294
5185,211
5186,125
5187,171
5188,39
5189,144
5190,308
5191,104
5192,190
5193,202
5194,124
5195,107
5196,64
5197,336
5198,684
5199,504
5200,165
5201,603
5202,231
5203,654
5204,245
5205,396
5206,949
5207,261
5208,119
5209,417
5210,273
5211,98
5212,259
5213,440
5214,73
5215,9
5216,9
5217,112
5218,2
5219,15
5220,64
5221,171
5222,39
5223,31
5224,-11
5225,26
5226,61
5227,115
5228,115
5229,52
5230,88
5231,297
5232,-8
5233,36
5234,81
5235,179
5236,73
5237,76
5238,280
5239,358
5240,101
5241,833
5242,192
5243,480
5244,706
5245,275
5246,169
5247,348
5248,228
5249,1156
5250,642
5251,249
5252,138
5253,324
5254,137
5255,128
5256,628
5257,600
5258,146
5259,161
5260,457
5261,506
5262,171
5263,1361
5264,267
5265,565
5266,345
5267,810
5268,117
5269,960
5270,179
5271,874
5272,1163
5273,960
5274,259
5275,591
5276,177
5277,63
5278,898
5279,550
5280,108
5281,-18
5282,656
5283,28
5284,107
5285,266
5286,20
5287,146
5288,34
5289,339
5290,-3
5291,254
5292,-7
5293,350
5294,305
5295,143
5296,168
5297,125
5298,25
5299,99
5300,445
5301,70
5302,9
5303,277
5304,239
5305,257
5306,228
5307,594
5308,321
5309,432
5310,305
5311,470
5312,266
5313,520
5314,267
5315,546
5316,456
5317,371
5318,197
5319,349
5320,258
5321,205
5322,1107
5323,494
5324,181
5325,968
5326,32
5327,86
5328,52
5329,375
5330,351
5331,420
5332,213
5333,507
5334,135
5335,802
5336,329
5337,422
5338,874
5339,415
5340,310
5341,302
5342,120
5343,77
5344,80
5345,220
5346,29
5347,248
5348,213
5349,242
5350,206
5351,357
5352,278
5353,349
5354,155
5355,811
5356,267
5357,524
5358,218
5359,319
5360,367
5361,548
5362,359
5363,434
5364,219
5365,220
5366,299
5367,353
5368,216
