id,forecastVolum
1,303
2,367
3,163
4,451
5,391
6,178
7,482
8,225
9,2842
10,398
11,762
12,208
13,312
14,351
15,706
16,404
17,306
18,278
19,665
20,102
21,340
22,283
23,352
24,409
25,251
26,380
27,731
28,463
29,1142
30,405
31,6820
32,938
33,1894
34,573
35,887
36,932
37,1664
38,791
39,781
40,1152
41,1442
42,291
43,430
44,702
45,134
46,299
47,261
48,426
49,461
50,157
51,405
52,182
53,1705
54,187
55,460
56,138
57,451
58,361
59,420
60,308
61,268
62,138
63,527
64,184
65,293
66,263
67,105
68,252
69,123
70,95
71,316
72,237
73,303
74,127
75,2868
76,331
77,899
78,297
79,362
80,473
81,1117
82,457
83,490
84,411
85,328
86,98
87,201
88,143
89,217
90,4111
91,637
92,108
93,1684
94,1967
95,3829
96,1989
97,1921
98,2156
99,2421
100,911
101,4445
102,4467
103,1690
104,1651
105,1668
106,587
107,1099
108,270
109,1918
110,518
111,342
112,624
113,498
114,104
115,1119
116,1326
117,1929
118,636
119,5116
120,696
121,1601
122,861
123,2473
124,2940
125,1035
126,1285
127,1464
128,344
129,365
130,626
131,627
132,465
133,1412
134,221
135,203
136,2010
137,395
138,463
139,1586
140,396
141,1377
142,176
143,1446
144,235
145,1106
146,991
147,1020
148,311
149,219
150,239
151,406
152,128
153,439
154,283
155,268
156,48
157,30
158,45
159,247
160,345
161,251
162,35
163,188
164,77
165,787
166,180
167,117
168,200
169,431
170,209
171,183
172,85
173,34
174,46
175,96
176,13
177,934
178,352
179,296
180,552
181,1022
182,983
183,1008
184,404
185,958
186,332
187,1461
188,918
189,699
190,1084
191,1049
192,1021
193,1141
194,493
195,282
196,433
197,372
198,150
199,649
200,360
201,363
202,167
203,1351
204,1687
205,2703
206,622
207,1059
208,706
209,3113
210,1456
211,1541
212,2408
213,1602
214,1048
215,1192
216,782
217,337
218,398
219,635
220,165
221,76
222,476
223,256
224,368
225,1524
226,906
227,2004
228,897
229,1147
230,874
231,1018
232,914
233,1574
234,2511
235,1739
236,1061
237,894
238,765
239,219
240,533
241,1235
242,146
243,58
244,477
245,393
246,61
247,830
248,623
249,1442
250,942
251,917
252,620
253,658
254,564
255,1672
256,1564
257,572
258,607
259,681
260,316
261,379
262,341
263,913
264,240
265,134
266,1406
267,798
268,82
269,1998
270,1443
271,3050
272,1167
273,1160
274,933
275,1671
276,987
277,2956
278,2867
279,985
280,1125
281,1223
282,686
283,421
284,539
285,1202
286,711
287,319
288,1396
289,1124
290,289
291,2451
292,2197
293,3886
294,1000
295,1961
296,954
297,3013
298,1360
299,2916
300,4946
301,1900
302,1763
303,2148
304,708
305,1004
306,847
307,1120
308,760
309,727
310,533
311,547
312,1153
313,838
314,948
315,1352
316,865
317,575
318,174
319,1642
320,327
321,1785
322,1194
323,754
324,364
325,498
326,319
327,224
328,435
329,717
330,84
331,67
332,987
333,656
334,203
335,2044
336,273
337,2045
338,780
339,1596
340,485
341,590
342,315
343,2379
344,1533
345,456
346,371
347,1170
348,306
349,869
350,103
351,581
352,1151
353,1861
354,968
355,445
356,341
357,1569
358,1493
359,2184
360,990
361,772
362,335
363,2575
364,982
365,2633
366,2972
367,1076
368,924
369,1166
370,656
371,402
372,607
373,970
374,218
375,268
376,568
377,642
378,73
379,1085
380,811
381,2791
382,1442
383,579
384,281
385,1245
386,409
387,2957
388,1893
389,436
390,215
391,386
392,241
393,649
394,256
395,874
396,528
397,358
398,438
399,620
400,1221
401,1483
402,768
403,2012
404,476
405,1006
406,295
407,1415
408,399
409,2107
410,1789
411,893
412,634
413,585
414,475
415,894
416,488
417,567
418,1002
419,453
420,363
421,147
422,197
423,633
424,603
425,699
426,94
427,638
428,151
429,1060
430,418
431,505
432,538
433,1016
434,536
435,608
436,354
437,178
438,251
439,227
440,151
441,362
442,449
443,442
444,315
445,1788
446,1136
447,1622
448,495
449,815
450,300
451,2075
452,519
453,2415
454,1994
455,1442
456,735
457,571
458,457
459,636
460,385
461,491
462,580
463,593
464,206
465,205
466,518
467,558
468,499
469,1298
470,196
471,522
472,140
473,1593
474,234
475,1236
476,904
477,1362
478,316
479,318
480,251
481,206
482,96
483,275
484,208
485,34
486,38
487,65
488,31
489,135
490,300
491,577
492,263
493,77
494,59
495,164
496,62
497,592
498,325
499,50
500,139
501,170
502,29
503,99
504,64
505,121
506,89
507,687
508,215
509,88
510,653
511,691
512,355
513,564
514,134
515,1211
516,158
517,1506
518,251
519,334
520,282
521,1436
522,352
523,310
524,486
525,262
526,260
527,224
528,99
529,261
530,150
531,78
532,234
533,355
534,183
535,289
536,100
537,499
538,103
539,702
540,141
541,183
542,173
543,617
544,222
545,186
546,206
547,114
548,107
549,113
550,55
551,860
552,312
553,153
554,1003
555,683
556,359
557,654
558,187
559,1371
560,209
561,1481
562,259
563,405
564,377
565,1383
566,473
567,367
568,522
569,312
570,274
571,268
572,125
573,122
574,34
575,19
576,89
577,95
578,72
579,125
580,20
581,155
582,26
583,322
584,26
585,98
586,81
587,311
588,63
589,56
590,35
591,32
592,27
593,51
594,14
595,437
596,146
597,139
598,474
599,514
600,373
601,440
602,100
603,703
604,87
605,1149
606,231
607,388
608,322
609,1181
610,362
611,321
612,215
613,314
614,140
615,242
616,106
617,313
618,148
619,94
620,171
621,241
622,198
623,378
624,60
625,494
626,90
627,721
628,125
629,235
630,177
631,748
632,274
633,175
634,181
635,96
636,77
637,112
638,41
639,500
640,240
641,166
642,706
643,469
644,320
645,568
646,99
647,1174
648,203
649,1208
650,234
651,433
652,379
653,1054
654,487
655,341
656,277
657,281
658,164
659,272
660,101
661,549
662,283
663,70
664,570
665,589
666,398
667,515
668,97
669,1391
670,150
671,1396
672,199
673,530
674,360
675,1684
676,308
677,390
678,369
679,225
680,228
681,207
682,85
683,252
684,845
685,221
686,108
687,598
688,1514
689,2453
690,693
691,3039
692,2197
693,1944
694,608
695,1552
696,4576
697,873
698,736
699,1190
700,369
701,534
702,174
703,857
704,464
705,389
706,213
707,302
708,55
709,494
710,287
711,645
712,142
713,166
714,67
715,840
716,199
717,547
718,463
719,431
720,155
721,299
722,178
723,49
724,108
725,447
726,59
727,865
728,204
729,62
730,142
731,211
732,138
733,287
734,51
735,116
736,38
737,417
738,59
739,212
740,242
741,270
742,149
743,124
744,87
745,47
746,82
747,144
748,27
749,254
750,57
751,116
752,470
753,501
754,223
755,853
756,200
757,1821
758,266
759,863
760,249
761,582
762,342
763,684
764,561
765,518
766,763
767,241
768,382
769,167
770,128
771,187
772,344
773,472
774,632
775,775
776,219
777,710
778,283
779,1840
780,307
781,577
782,286
783,924
784,666
785,554
786,1239
787,625
788,360
789,579
790,494
791,538
792,284
793,51
794,136
795,79
796,28
797,234
798,172
799,196
800,61
801,525
802,150
803,460
804,249
805,178
806,287
807,361
808,162
809,269
810,154
811,76
812,111
813,75
814,44
815,201
816,253
817,433
818,243
819,887
820,615
821,2506
822,1021
823,6894
824,2068
825,2504
826,1448
827,2350
828,2000
829,1355
830,1059
831,1585
832,1121
833,1254
834,464
835,349
836,739
837,217
838,491
839,376
840,320
841,441
842,387
843,1001
844,398
845,2563
846,329
847,842
848,348
849,993
850,1025
851,732
852,1137
853,525
854,483
855,757
856,188
857,413
858,494
859,144
860,429
861,275
862,126
863,410
864,430
865,666
866,288
867,2213
868,308
869,933
870,361
871,696
872,775
873,857
874,849
875,414
876,498
877,382
878,163
879,279
880,236
881,175
882,15
883,21
884,293
885,47
886,58
887,301
888,95
889,811
890,22
891,327
892,36
893,284
894,168
895,373
896,51
897,36
898,68
899,122
900,16
901,41
902,37
903,170
904,346
905,150
906,138
907,484
908,299
909,534
910,206
911,2937
912,322
913,640
914,320
915,526
916,525
917,766
918,544
919,452
920,638
921,295
922,127
923,180
924,143
925,335
926,173
927,214
928,466
929,362
930,331
931,1000
932,356
933,2589
934,159
935,944
936,271
937,850
938,633
939,1296
940,552
941,516
942,534
943,861
944,117
945,214
946,397
947,253
948,78
949,44
950,386
951,261
952,130
953,233
954,46
955,466
956,47
957,255
958,78
959,155
960,117
961,151
962,142
963,135
964,103
965,85
966,132
967,154
968,54
969,122
970,91
971,70
972,21
973,202
974,396
975,376
976,107
977,360
978,56
979,567
980,304
981,331
982,542
983,600
984,273
985,225
986,193
987,43
988,41
989,80
990,24
991,39
992,68
993,43
994,32
995,103
996,160
997,255
998,18
999,27
1000,13
1001,219
1002,105
1003,178
1004,181
1005,154
1006,171
1007,182
1008,52
1009,64
1010,21
1011,75
1012,31
1013,271
1014,100
1015,43
1016,121
1017,583
1018,638
1019,694
1020,102
1021,733
1022,149
1023,1754
1024,479
1025,366
1026,1501
1027,1017
1028,438
1029,394
1030,373
1031,117
1032,232
1033,214
1034,47
1035,34
1036,97
1037,205
1038,11
1039,240
1040,143
1041,936
1042,445
1043,221
1044,191
1045,259
1046,88
1047,948
1048,614
1049,400
1050,111
1051,151
1052,127
1053,338
1054,43
1055,144
1056,191
1057,273
1058,337
1059,202
1060,242
1061,577
1062,906
1063,704
1064,201
1065,516
1066,166
1067,1015
1068,568
1069,854
1070,1338
1071,1344
1072,581
1073,447
1074,286
1075,117
1076,214
1077,309
1078,64
1079,245
1080,140
1081,29
1082,40
1083,238
1084,252
1085,445
1086,51
1087,366
1088,106
1089,702
1090,133
1091,365
1092,309
1093,396
1094,155
1095,127
1096,192
1097,40
1098,98
1099,118
1100,19
1123,340
1124,218
1125,46
1126,60
1127,613
1128,628
1129,443
1130,69
1131,1216
1132,195
1133,1148
1134,327
1135,356
1136,512
1137,936
1138,410
1139,330
1140,507
1141,67
1142,309
1143,155
1144,51
1145,319
1146,424
1147,220
1148,451
1149,720
1150,291
1151,719
1152,178
1153,1130
1154,215
1155,633
1156,184
1157,651
1158,622
1159,403
1160,358
1161,400
1162,216
1163,212
1164,420
1165,277
1166,256
1167,190
1168,279
1169,214
1170,52
1171,739
1172,1177
1173,935
1174,321
1175,938
1176,573
1177,1122
1178,480
1179,872
1180,1961
1181,449
1182,429
1183,822
1184,421
1185,131
1186,315
1187,655
1188,80
1189,27
1190,97
1191,179
1192,25
1193,160
1194,205
1195,389
1196,91
1197,27
1198,19
1199,104
1200,131
1201,233
1202,321
1203,54
1204,192
1205,557
1206,15
1207,55
1208,98
1209,313
1210,76
1211,91
1212,383
1213,343
1214,79
1215,1052
1216,406
1217,595
1218,732
1219,501
1220,234
1221,593
1222,359
1223,1304
1224,1000
1225,316
1226,309
1227,484
1228,174
1229,132
1230,516
1231,651
1232,118
1233,323
1234,870
1235,821
1236,299
1237,2007
1238,906
1239,989
1240,590
1241,1357
1242,377
1243,1596
1244,529
1245,1394
1246,2186
1247,1108
1248,756
1249,1369
1250,450
1251,249
1252,1610
1253,937
1254,234
1255,17
1256,958
1257,56
1258,94
1259,428
1260,144
1261,426
1262,123
1263,298
1264,36
1265,553
1266,70
1267,551
1268,609
1269,277
1270,341
1271,261
1272,80
1273,158
1274,427
1275,127
1276,23
1277,50
1278,151
1279,100
1280,65
1281,550
1282,140
1283,339
1284,161
1285,233
1286,179
1287,295
1288,116
1289,638
1290,466
1291,144
1292,61
1293,249
1294,90
1295,23
1296,466
1297,380
1298,11
1299,279
1300,36
1301,80
1302,31
1303,227
1304,428
1305,222
1306,166
1307,294
1308,149
1309,677
1310,358
1311,227
1312,605
1313,247
1314,307
1315,259
1316,110
1317,34
1318,40
1319,103
1320,18
1321,111
1322,120
1323,67
1324,63
1325,254
1326,205
1327,134
1328,36
1329,519
1330,227
1331,366
1332,107
1333,115
1334,121
1335,392
1336,231
1337,419
1338,123
1339,76
1340,124
1341,263
1342,48
1343,258
1344,271
1345,147
1346,421
1347,297
1348,123
1349,385
1350,197
1351,2357
1352,324
1353,637
1354,149
1355,288
1356,283
1357,576
1358,333
1359,226
1360,228
1361,594
1362,78
1363,278
1364,257
1365,330
1366,366
1367,237
1368,310
1369,630
1370,370
1371,976
1372,342
1373,6410
1374,832
1375,1766
1376,477
1377,837
1378,800
1379,1544
1380,655
1381,609
1382,1172
1383,1427
1384,253
1385,341
1386,772
1387,126
1388,264
1389,231
1390,384
1391,369
1392,129
1393,341
1394,159
1395,1533
1396,170
1397,417
1398,116
1399,420
1400,310
1401,361
1402,269
1403,231
1404,105
1405,463
1406,167
1407,274
1408,219
1409,86
1410,182
1411,106
1412,70
1413,266
1414,177
1415,239
1416,111
1417,2610
1418,323
1419,842
1420,225
1421,423
1422,422
1423,1155
1424,325
1425,371
1426,396
1427,281
1428,83
1429,157
1430,124
1431,169
1432,3279
1433,623
1434,63
1435,1524
1436,1717
1437,2767
1438,1462
1439,1705
1440,1570
1441,2227
1442,729
1443,3485
1444,3155
1445,1663
1446,1257
1447,1293
1448,567
1449,1008
1450,240
1451,1268
1452,485
1453,219
1454,492
1455,370
1456,55
1457,770
1458,972
1459,1414
1460,470
1461,4176
1462,561
1463,1230
1464,565
1465,2044
1466,2229
1467,666
1468,842
1469,1022
1470,261
1471,310
1472,392
1473,426
1474,330
1475,1308
1476,251
1477,240
1478,1878
1479,357
1480,459
1481,1598
1482,407
1483,1283
1484,160
1485,1390
1486,254
1487,1104
1488,989
1489,977
1490,322
1491,243
1492,247
1493,421
1494,147
1495,417
1496,334
1497,168
1498,28
1499,18
1500,35
1501,166
1502,205
1503,192
1504,25
1505,100
1506,47
1507,553
1508,126
1509,77
1510,135
1511,281
1512,130
1513,124
1514,45
1515,23
1516,35
1517,62
1518,9
1519,669
1520,256
1521,217
1522,408
1523,699
1524,650
1525,671
1526,307
1527,561
1528,224
1529,1090
1530,617
1531,499
1532,758
1533,695
1534,748
1535,723
1536,327
1537,194
1538,296
1539,247
1540,114
1541,533
1542,255
1543,241
1544,51
1545,987
1546,1406
1547,2066
1548,473
1549,766
1550,601
1551,2654
1552,1241
1553,1115
1554,1991
1555,1202
1556,826
1557,948
1558,704
1559,232
1560,270
1561,392
1562,144
1563,30
1564,383
1565,169
1566,189
1567,929
1568,568
1569,1228
1570,310
1571,689
1572,600
1573,630
1574,546
1575,1001
1576,1465
1577,847
1578,593
1579,544
1580,401
1581,144
1582,450
1583,749
1584,106
1585,37
1586,353
1587,236
1588,28
1589,591
1590,413
1591,863
1592,674
1593,642
1594,445
1595,493
1596,351
1597,1193
1598,1003
1599,387
1600,377
1601,418
1602,244
1603,277
1604,245
1605,605
1606,195
1607,83
1608,1027
1609,602
1610,46
1611,1510
1612,920
1613,1938
1614,801
1615,742
1616,715
1617,1300
1618,627
1619,2022
1620,1908
1621,620
1622,744
1623,831
1624,535
1625,336
1626,389
1627,685
1628,598
1629,166
1630,886
1631,682
1632,130
1633,1377
1634,1182
1635,2183
1636,572
1637,1020
1638,606
1639,1952
1640,728
1641,1734
1642,2543
1643,1002
1644,914
1645,1161
1646,442
1647,635
1648,483
1649,572
1650,517
1651,526
1652,415
1653,476
1654,902
1655,626
1656,660
1657,1059
1658,640
1659,376
1660,120
1661,1231
1662,220
1663,1409
1664,892
1665,541
1666,247
1667,361
1668,208
1669,211
1670,321
1671,573
1672,76
1673,54
1674,796
1675,541
1676,136
1677,2045
1678,236
1679,1730
1680,510
1681,1522
1682,448
1683,550
1684,239
1685,1941
1686,1177
1687,401
1688,252
1689,775
1690,270
1691,747
1692,78
1693,440
1694,1150
1695,1408
1696,696
1697,303
1698,362
1699,1211
1700,973
1701,1333
1702,641
1703,552
1704,244
1705,1859
1706,574
1707,1634
1708,1941
1709,768
1710,544
1711,724
1712,467
1713,235
1714,433
1715,594
1716,170
1717,277
1718,410
1719,478
1720,38
1721,899
1722,572
1723,1967
1724,951
1725,371
1726,193
1727,1047
1728,244
1729,2176
1730,1325
1731,354
1732,134
1733,214
1734,154
1735,578
1736,186
1737,625
1738,452
1739,299
1740,356
1741,582
1742,1005
1743,1162
1744,596
1745,1675
1746,455
1747,732
1748,252
1749,1259
1750,312
1751,1933
1752,1549
1753,714
1754,497
1755,466
1756,378
1757,785
1758,392
1759,452
1760,1038
1761,308
1762,251
1763,96
1764,125
1765,417
1766,366
1767,466
1768,60
1769,400
1770,112
1771,713
1772,259
1773,364
1774,357
1775,642
1776,336
1777,383
1778,247
1779,127
1780,153
1781,166
1782,132
1783,279
1784,313
1785,322
1786,184
1787,1209
1788,800
1789,1193
1790,323
1791,498
1792,228
1793,1566
1794,355
1795,1848
1796,1373
1797,1038
1798,484
1799,371
1800,352
1801,480
1802,273
1803,290
1804,542
1805,551
1806,169
1807,175
1808,395
1809,481
1810,430
1811,1081
1812,156
1813,411
1814,107
1815,1490
1816,200
1817,1112
1818,803
1819,1244
1820,268
1821,267
1822,217
1823,182
1824,77
1825,222
1826,222
1827,17
1828,19
1829,45
1830,10
1831,79
1832,174
1833,315
1834,176
1835,43
1836,39
1837,98
1838,29
1839,346
1840,157
1841,27
1842,64
1843,95
1844,17
1845,61
1846,34
1847,60
1848,63
1849,744
1850,206
1851,97
1852,666
1853,652
1854,372
1855,565
1856,140
1857,1209
1858,157
1859,1497
1860,265
1861,358
1862,273
1863,1443
1864,342
1865,314
1866,478
1867,279
1868,258
1869,212
1870,117
1871,240
1872,133
1873,76
1874,198
1875,296
1876,164
1877,256
1878,87
1879,437
1880,84
1881,616
1882,124
1883,169
1884,156
1885,581
1886,190
1887,165
1888,193
1889,99
1890,84
1891,98
1892,51
1893,762
1894,277
1895,150
1896,901
1897,629
1898,306
1899,624
1900,173
1901,1296
1902,207
1903,1267
1904,239
1905,381
1906,335
1907,1147
1908,399
1909,341
1910,449
1911,291
1912,242
1913,223
1914,132
1915,102
1916,30
1917,16
1918,81
1919,69
1920,61
1921,135
1922,17
1923,122
1924,20
1925,304
1926,17
1927,96
1928,69
1929,285
1930,50
1931,42
1932,23
1933,30
1934,17
1935,45
1936,15
1937,376
1938,133
1939,126
1940,387
1941,409
1942,301
1943,410
1944,95
1945,547
1946,76
1947,999
1948,167
1949,355
1950,305
1951,998
1952,272
1953,259
1954,169
1955,296
1956,119
1957,203
1958,105
1959,260
1960,118
1961,78
1962,136
1963,222
1964,167
1965,315
1966,58
1967,390
1968,82
1969,649
1970,113
1971,205
1972,162
1973,637
1974,229
1975,157
1976,140
1977,77
1978,66
1979,95
1980,38
1981,361
1982,182
1983,134
1984,543
1985,369
1986,242
1987,433
1988,76
1989,790
1990,141
1991,916
1992,166
1993,337
1994,300
1995,777
1996,383
1997,264
1998,196
1999,206
2000,124
2001,205
2002,83
2003,539
2004,286
2005,68
2006,478
2007,532
2008,385
2009,516
2010,91
2011,1227
2012,140
2013,1470
2014,177
2015,527
2016,362
2017,1688
2018,281
2019,339
2020,318
2021,216
2022,219
2023,209
2024,85
2025,133
2026,597
2027,160
2028,51
2029,385
2030,1004
2031,1506
2032,415
2033,1848
2034,1263
2035,1367
2036,382
2037,1047
2038,2667
2039,486
2040,450
2041,741
2042,246
2043,379
2044,116
2045,482
2046,356
2047,235
2048,137
2049,196
2050,30
2051,359
2052,176
2053,412
2054,84
2055,114
2056,37
2057,620
2058,122
2059,379
2060,302
2061,291
2062,84
2063,168
2064,124
2065,32
2066,69
2067,281
2068,51
2069,491
2070,152
2071,44
2072,101
2073,160
2074,91
2075,217
2076,40
2077,78
2078,28
2079,331
2080,40
2081,162
2082,167
2083,189
2084,100
2085,85
2086,59
2087,35
2088,64
2089,116
2090,29
2091,183
2092,46
2093,91
2094,327
2095,349
2096,167
2097,765
2098,146
2099,1289
2100,194
2101,738
2102,180
2103,541
2104,252
2105,565
2106,400
2107,555
2108,608
2109,221
2110,221
2111,134
2112,126
2113,129
2114,274
2115,349
2116,436
2117,575
2118,153
2119,502
2120,202
2121,1295
2122,232
2123,456
2124,185
2125,662
2126,496
2127,382
2128,863
2129,409
2130,277
2131,450
2132,353
2133,403
2134,221
2135,25
2136,92
2137,50
2138,16
2139,149
2140,90
2141,117
2142,35
2143,267
2144,90
2145,297
2146,127
2147,110
2148,155
2149,210
2150,80
2151,133
2152,93
2153,52
2154,61
2155,42
2156,33
2157,142
2158,195
2159,288
2160,151
2161,624
2162,497
2163,1424
2164,649
2165,4841
2166,1452
2167,2208
2168,958
2169,1453
2170,1305
2171,1121
2172,702
2173,927
2174,823
2175,895
2176,304
2177,219
2178,577
2179,185
2180,357
2181,320
2182,217
2183,300
2184,317
2185,846
2186,350
2187,2083
2188,267
2189,707
2190,284
2191,950
2192,878
2193,588
2194,858
2195,385
2196,410
2197,647
2198,127
2199,316
2200,444
2201,108
2202,346
2203,254
2204,72
2205,276
2206,350
2207,544
2208,246
2209,1768
2210,258
2211,799
2212,268
2213,616
2214,610
2215,698
2216,565
2217,291
2218,436
2219,324
2220,117
2221,189
2222,212
2223,134
2224,13
2225,23
2226,236
2227,38
2228,50
2229,239
2230,85
2231,602
2232,17
2233,269
2234,25
2235,228
2236,135
2237,306
2238,47
2239,27
2240,48
2241,98
2242,14
2243,29
2244,33
2245,130
2246,234
2247,113
2248,98
2249,311
2250,178
2251,375
2252,151
2253,1991
2254,213
2255,514
2256,209
2257,396
2258,361
2259,590
2260,316
2261,270
2262,467
2263,223
2264,96
2265,127
2266,133
2267,276
2268,128
2269,168
2270,323
2271,275
2272,190
2273,752
2274,275
2275,1850
2276,121
2277,713
2278,155
2279,645
2280,450
2281,957
2282,353
2283,335
2284,447
2285,669
2286,98
2287,167
2288,306
2289,206
2290,61
2291,36
2292,282
2293,193
2294,95
2295,171
2296,34
2297,307
2298,38
2299,197
2300,53
2301,138
2302,82
2303,110
2304,100
2305,101
2306,77
2307,65
2308,106
2309,122
2310,47
2311,71
2312,53
2313,38
2314,8
2315,110
2316,194
2317,195
2318,55
2319,152
2320,30
2321,321
2322,154
2323,177
2324,262
2325,290
2326,133
2327,107
2328,112
2329,26
2330,21
2331,43
2332,14
2333,22
2334,44
2335,27
2336,18
2337,63
2338,90
2339,151
2340,10
2341,19
2342,8
2343,139
2344,61
2345,116
2346,99
2347,91
2348,98
2349,101
2350,28
2351,38
2352,12
2353,42
2354,20
2355,154
2356,59
2357,29
2358,63
2359,331
2360,387
2361,410
2362,62
2363,428
2364,94
2365,1135
2366,263
2367,248
2368,840
2369,573
2370,251
2371,226
2372,246
2373,75
2374,145
2375,113
2376,33
2377,33
2378,77
2379,155
2380,7
2381,167
2382,111
2383,599
2384,292
2385,142
2386,122
2387,227
2388,61
2389,711
2390,404
2391,305
2392,72
2393,109
2394,95
2395,284
2396,31
2397,100
2398,146
2399,130
2400,204
2401,106
2402,99
2403,314
2404,468
2405,358
2406,103
2407,214
2408,82
2409,575
2410,289
2411,465
2412,658
2413,641
2414,292
2415,231
2416,144
2417,59
2418,101
2419,163
2420,33
2421,168
2422,109
2423,20
2424,25
2425,162
2426,186
2427,348
2428,32
2429,229
2430,63
2431,533
2432,83
2433,302
2434,247
2435,298
2436,98
2437,76
2438,127
2439,28
2440,60
2441,79
2442,19
2465,216
2466,160
2467,46
2468,31
2469,431
2470,474
2471,295
2472,49
2473,768
2474,133
2475,861
2476,218
2477,269
2478,378
2479,686
2480,284
2481,236
2482,365
2483,54
2484,221
2485,108
2486,42
2487,245
2488,324
2489,178
2490,336
2491,537
2492,214
2493,518
2494,132
2495,727
2496,164
2497,505
2498,130
2499,508
2500,498
2501,288
2502,266
2503,313
2504,157
2505,151
2506,323
2507,209
2508,218
2509,98
2510,160
2511,111
2512,14
2513,421
2514,649
2515,442
2516,179
2517,428
2518,333
2519,605
2520,229
2521,464
2522,1087
2523,210
2524,207
2525,413
2526,211
2527,66
2528,154
2529,315
2530,42
2531,14
2532,63
2533,107
2534,10
2535,97
2536,109
2537,226
2538,58
2539,12
2540,12
2541,65
2542,71
2543,150
2544,190
2545,28
2546,107
2547,321
2548,9
2549,35
2550,50
2551,184
2552,46
2553,48
2554,260
2555,189
2556,30
2557,686
2558,216
2559,309
2560,398
2561,316
2562,143
2563,362
2564,173
2565,676
2566,482
2567,172
2568,146
2569,235
2570,105
2571,99
2572,320
2573,324
2574,97
2575,149
2576,573
2577,541
2578,140
2579,1244
2580,484
2581,580
2582,349
2583,677
2584,217
2585,913
2586,280
2587,890
2588,1117
2589,527
2590,375
2591,739
2592,240
2593,168
2594,955
2595,540
2596,165
2597,18
2598,775
2599,62
2600,56
2601,392
2602,133
2603,327
2604,95
2605,305
2606,30
2607,543
2608,58
2609,506
2610,500
2611,284
2612,270
2613,216
2614,83
2615,139
2616,400
2617,102
2618,22
2619,27
2620,99
2621,61
2622,21
2623,346
2624,76
2625,188
2626,85
2627,120
2628,95
2629,180
2630,61
2631,370
2632,230
2633,57
2634,28
2635,132
2636,49
2637,12
2638,223
2639,203
2640,8
2641,148
2642,21
2643,42
2644,11
2645,124
2646,199
2647,110
2648,89
2649,126
2650,72
2651,376
2652,153
2653,128
2654,334
2655,123
2656,142
2657,128
2658,55
2659,20
2660,19
2661,54
2662,9
2663,92
2664,103
2665,51
2666,51
2667,198
2668,156
2669,108
2670,37
2671,413
2672,180
2673,306
2674,86
2675,103
2676,103
2677,296
2678,186
2679,315
2680,98
2681,62
2682,95
2683,221
2684,49
2685,277
2686,251
2687,163
2688,401
2689,289
2690,126
2691,422
2692,206
2693,2607
2694,321
2695,674
2696,157
2697,337
2698,303
2699,614
2700,367
2701,244
2702,238
2703,652
2704,88
2705,295
2706,297
2707,392
2708,417
2709,313
2710,332
2711,700
2712,407
2713,1209
2714,411
2715,8800
2716,1001
2717,2004
2718,556
2719,1157
2720,1042
2721,1929
2722,693
2723,692
2724,1456
2725,1763
2726,276
2727,398
2728,1020
2729,147
2730,268
2731,235
2732,427
2733,364
2734,124
2735,350
2736,181
2737,1640
2738,173
2739,435
2740,131
2741,451
2742,326
2743,366
2744,274
2745,260
2746,92
2747,502
2748,169
2749,295
2750,243
2751,97
2752,202
2753,142
2754,83
2755,318
2756,171
2757,348
2758,160
2759,3677
2760,464
2761,1038
2762,320
2763,611
2764,613
2765,1583
2766,384
2767,480
2768,661
2769,457
2770,104
2771,211
2772,200
2773,181
2774,2604
2775,686
2776,72
2777,1357
2778,1433
2779,2323
2780,1229
2781,1870
2782,1385
2783,1992
2784,607
2785,3149
2786,2474
2787,1625
2788,1049
2789,1077
2790,559
2791,1110
2792,227
2793,1123
2794,575
2795,238
2796,515
2797,398
2798,56
2799,712
2800,915
2801,1714
2802,559
2803,4768
2804,552
2805,1338
2806,563
2807,2412
2808,2455
2809,802
2810,834
2811,1141
2812,312
2813,371
2814,351
2815,452
2816,385
2817,1373
2818,353
2819,328
2820,1942
2821,440
2822,576
2823,2068
2824,578
2825,1695
2826,208
2827,1733
2828,311
2829,1368
2830,1306
2831,1303
2832,450
2833,362
2834,376
2835,593
2836,226
2837,514
2838,504
2839,186
2840,34
2841,23
2842,38
2843,174
2844,200
2845,242
2846,28
2847,145
2848,46
2849,580
2850,148
2851,95
2852,192
2853,324
2854,142
2855,136
2856,62
2857,39
2858,44
2859,63
2860,9
2861,733
2862,248
2863,246
2864,416
2865,688
2866,642
2867,848
2868,339
2869,658
2870,222
2871,1156
2872,711
2873,558
2874,883
2875,748
2876,851
2877,801
2878,333
2879,234
2880,294
2881,246
2882,139
2883,714
2884,320
2885,287
2886,56
2887,1253
2888,1768
2889,3001
2890,673
2891,1208
2892,776
2893,3375
2894,1895
2895,1701
2896,2945
2897,1543
2898,1118
2899,1383
2900,956
2901,375
2902,341
2903,538
2904,196
2905,35
2906,387
2907,179
2908,493
2909,793
2910,498
2911,1235
2912,317
2913,901
2914,574
2915,680
2916,475
2917,983
2918,1315
2919,982
2920,479
2921,504
2922,529
2923,156
2924,449
2925,711
2926,107
2927,38
2928,312
2929,220
2930,31
2931,583
2932,364
2933,811
2934,724
2935,805
2936,435
2937,501
2938,289
2939,1148
2940,882
2941,444
2942,331
2943,400
2944,264
2945,314
2946,248
2947,531
2948,211
2949,88
2950,957
2951,639
2952,57
2953,1347
2954,817
2955,1935
2956,829
2957,884
2958,731
2959,1304
2960,584
2961,2199
2962,1777
2963,672
2964,717
2965,750
2966,567
2967,400
2968,366
2969,555
2970,792
2971,169
2972,777
2973,745
2974,146
2975,1135
2976,894
2977,2297
2978,628
2979,1169
2980,557
2981,1981
2982,617
2983,1814
2984,1989
2985,1124
2986,764
2987,1015
2988,472
2989,852
2990,406
2991,485
2992,621
2993,557
2994,406
2995,568
2996,910
2997,617
2998,635
2999,1166
3000,650
3001,492
3002,128
3003,1225
3004,234
3005,1532
3006,984
3007,602
3008,229
3009,376
3010,186
3011,241
3012,315
3013,602
3014,89
3015,76
3016,832
3017,648
3018,149
3019,2682
3020,268
3021,2054
3022,589
3023,1940
3024,559
3025,574
3026,257
3027,2280
3028,1331
3029,472
3030,251
3031,721
3032,327
3033,983
3034,86
3035,474
3036,1459
3037,2492
3038,724
3039,389
3040,787
3041,1537
3042,1096
3043,1579
3044,809
3045,897
3046,285
3047,2136
3048,656
3049,2079
3050,2281
3051,974
3052,614
3053,836
3054,619
3055,342
3056,486
3057,1011
3058,210
3059,340
3060,438
3061,624
3062,42
3063,1103
3064,652
3065,2412
3066,1175
3067,470
3068,236
3069,1179
3070,190
3071,2993
3072,1471
3073,414
3074,141
3075,222
3076,179
3077,779
3078,197
3079,683
3080,596
3081,315
3082,377
3083,626
3084,1045
3085,1103
3086,604
3087,1847
3088,486
3089,889
3090,251
3091,1323
3092,319
3093,2123
3094,1703
3095,794
3096,504
3097,485
3098,374
3099,904
3100,398
3101,460
3102,1294
3103,309
3104,226
3105,96
3106,137
3107,384
3108,344
3109,496
3110,55
3111,479
3112,122
3113,682
3114,244
3115,397
3116,371
3117,626
3118,306
3119,374
3120,234
3121,131
3122,146
3123,150
3124,141
3125,343
3126,343
3127,394
3128,222
3129,1292
3130,956
3131,1584
3132,413
3133,754
3134,269
3135,1857
3136,472
3137,2449
3138,1728
3139,1334
3140,515
3141,473
3142,402
3143,689
3144,296
3145,343
3146,740
3147,676
3148,200
3149,230
3150,485
3151,577
3152,549
3153,1491
3154,191
3155,552
3156,137
3157,1837
3158,263
3159,1547
3160,1079
3161,1585
3162,316
3163,331
3164,251
3165,260
3166,90
3167,275
3168,329
3169,16
3170,13
3171,46
3172,10
3173,58
3174,146
3175,291
3176,191
3177,45
3178,33
3179,91
3180,23
3181,302
3182,128
3183,24
3184,49
3185,76
3186,17
3187,62
3188,24
3189,44
3190,68
3191,793
3192,220
3193,114
3194,686
3195,676
3196,419
3197,613
3198,162
3199,1323
3200,166
3201,1613
3202,303
3203,405
3204,295
3205,1564
3206,358
3207,353
3208,527
3209,292
3210,272
3211,223
3212,135
3213,262
3214,140
3215,92
3216,219
3217,314
3218,177
3219,284
3220,96
3221,448
3222,78
3223,655
3224,134
3225,186
3226,181
3227,669
3228,204
3229,176
3230,214
3231,101
3232,92
3233,101
3234,61
3235,727
3236,267
3237,148
3238,879
3239,598
3240,298
3241,653
3242,169
3243,1366
3244,219
3245,1202
3246,254
3247,388
3248,346
3249,1109
3250,413
3251,349
3252,422
3253,311
3254,238
3255,218
3256,151
3257,125
3258,35
3259,20
3260,95
3261,90
3262,70
3263,162
3264,23
3265,168
3266,21
3267,353
3268,28
3269,116
3270,79
3271,356
3272,63
3273,54
3274,32
3275,39
3276,21
3277,50
3278,21
3279,383
3280,148
3281,137
3282,424
3283,414
3284,345
3285,466
3286,108
3287,631
3288,91
3289,1048
3290,178
3291,389
3292,356
3293,1102
3294,292
3295,288
3296,167
3297,344
3298,125
3299,217
3300,128
3301,291
3302,132
3303,99
3304,162
3305,263
3306,204
3307,364
3308,80
3309,517
3310,97
3311,776
3312,136
3313,253
3314,213
3315,772
3316,257
3317,209
3318,166
3319,98
3320,75
3321,115
3322,51
3323,356
3324,173
3325,136
3326,583
3327,357
3328,230
3329,441
3330,88
3331,821
3332,134
3333,899
3334,171
3335,355
3336,321
3337,836
3338,373
3339,295
3340,178
3341,236
3342,117
3343,190
3344,92
3345,608
3346,317
3347,88
3348,574
3349,585
3350,458
3351,641
3352,103
3353,1419
3354,167
3355,1704
3356,222
3357,648
3358,471
3359,2073
3360,337
3361,377
3362,367
3363,251
3364,264
3365,241
3366,116
3367,133
3368,489
3369,167
3370,53
3371,285
3372,740
3373,1306
3374,369
3375,1917
3376,1032
3377,1205
3378,297
3379,990
3380,1933
3381,471
3382,329
3383,564
3384,246
3385,441
3386,91
3387,399
3388,416
3389,280
3390,147
3391,199
3392,27
3393,397
3394,159
3395,474
3396,106
3397,147
3398,36
3399,675
3400,119
3401,437
3402,329
3403,363
3404,83
3405,158
3406,129
3407,40
3408,72
3409,365
3410,67
3411,291
3412,150
3413,47
3414,102
3415,180
3416,85
3417,270
3418,49
3419,97
3420,26
3421,344
3422,39
3423,187
3424,189
3425,218
3426,72
3427,95
3428,60
3429,27
3430,77
3431,145
3432,46
3433,181
3434,43
3435,90
3436,347
3437,324
3438,147
3439,980
3440,160
3441,1529
3442,181
3443,729
3444,183
3445,630
3446,248
3447,612
3448,389
3449,546
3450,746
3451,262
3452,204
3453,134
3454,193
3455,107
3456,243
3457,343
3458,435
3459,526
3460,140
3461,545
3462,216
3463,1292
3464,207
3465,427
3466,160
3467,687
3468,464
3469,361
3470,780
3471,372
3472,268
3473,506
3474,303
3475,417
3476,270
3477,26
3478,83
3479,54
3480,17
3481,126
3482,71
3483,113
3484,37
3485,283
3486,77
3487,267
3488,106
3489,112
3490,135
3491,216
3492,55
3493,98
3494,89
3495,60
3496,42
3497,37
3498,37
3499,201
3500,207
3501,344
3502,172
3503,705
3504,624
3505,1584
3506,764
3507,6206
3508,1622
3509,2707
3510,1065
3511,1696
3512,1506
3513,1473
3514,853
3515,996
3516,996
3517,1074
3518,329
3519,245
3520,722
3521,191
3522,338
3523,357
3524,232
3525,270
3526,344
3527,942
3528,383
3529,2375
3530,275
3531,730
3532,334
3533,1120
3534,1044
3535,640
3536,938
3537,443
3538,423
3539,699
3540,103
3541,322
3542,474
3543,127
3544,376
3545,317
3546,83
3547,292
3548,396
3549,687
3550,295
3551,2194
3552,301
3553,930
3554,334
3555,749
3556,748
3557,845
3558,582
3559,353
3560,526
3561,427
3562,128
3563,207
3564,259
3565,164
3566,13
3567,29
3568,241
3569,32
3570,45
3571,234
3572,83
3573,634
3574,14
3575,269
3576,22
3577,235
3578,120
3579,325
3580,48
3581,22
3582,41
3583,97
3584,15
3585,29
3586,35
3587,135
3588,224
3589,121
3590,95
3591,300
3592,172
3593,447
3594,181
3595,2252
3596,215
3597,543
3598,211
3599,455
3600,427
3601,669
3602,323
3603,283
3604,517
3605,280
3606,99
3607,135
3608,187
3609,352
3610,115
3611,164
3612,304
3613,274
3614,145
3615,770
3616,316
3617,2116
3618,105
3619,777
3620,136
3621,723
3622,451
3623,1044
3624,328
3625,313
3626,516
3627,769
3628,104
3629,174
3630,378
3631,216
3632,56
3633,51
3634,307
3635,189
3636,80
3637,194
3638,33
3639,297
3640,32
3641,194
3642,50
3643,152
3644,100
3645,115
3646,99
3647,109
3648,73
3649,74
3650,108
3651,128
3652,55
3653,67
3654,32
3655,30
3656,6
3657,64
3658,124
3659,165
3660,49
3661,142
3662,20
3663,249
3664,105
3665,151
3666,183
3667,224
3668,84
3669,76
3670,95
3671,28
3672,11
3673,33
3674,15
3675,42
3676,32
3677,21
3678,13
3679,35
3680,45
3681,97
3682,6
3683,22
3684,7
3685,98
3686,36
3687,88
3688,51
3689,66
3690,59
3691,64
3692,18
3693,41
3694,6
3695,30
3696,18
3697,160
3698,50
3699,26
3700,61
3701,242
3702,275
3703,331
3704,65
3705,465
3706,78
3707,904
3708,197
3709,223
3710,627
3711,542
3712,183
3713,195
3714,230
3715,72
3716,114
3717,89
3718,33
3719,38
3720,59
3721,150
3722,5
3723,105
3724,71
3725,404
3726,240
3727,140
3728,84
3729,159
3730,42
3731,590
3732,237
3733,251
3734,40
3735,66
3736,75
3737,313
3738,21
3739,74
3740,141
3741,149
3742,145
3743,95
3744,104
3745,220
3746,361
3747,318
3748,93
3749,220
3750,58
3751,516
3752,220
3753,438
3754,547
3755,551
3756,212
3757,184
3758,119
3759,63
3760,65
3761,138
3762,34
3763,129
3764,113
3765,18
3766,23
3767,172
3768,180
3769,362
3770,34
3771,288
3772,69
3773,534
3774,97
3775,325
3776,286
3777,318
3778,87
3779,90
3780,139
3781,37
3782,63
3783,78
3784,23
3807,228
3808,166
3809,53
3810,33
3811,438
3812,482
3813,311
3814,45
3815,926
3816,128
3817,862
3818,238
3819,293
3820,449
3821,742
3822,295
3823,246
3824,352
3825,72
3826,240
3827,104
3828,51
3829,250
3830,298
3831,175
3832,330
3833,459
3834,165
3835,484
3836,113
3837,706
3838,150
3839,454
3840,112
3841,451
3842,479
3843,259
3844,235
3845,304
3846,120
3847,197
3848,293
3849,209
3850,228
3851,92
3852,115
3853,74
3854,11
3855,299
3856,522
3857,325
3858,138
3859,528
3860,259
3861,457
3862,155
3863,375
3864,862
3865,182
3866,138
3867,312
3868,176
3869,72
3870,105
3871,241
3872,37
3873,9
3874,38
3875,69
3876,6
3877,56
3878,56
3879,171
3880,41
3881,10
3882,9
3883,43
3884,38
3885,125
3886,126
3887,22
3888,59
3889,204
3890,7
3891,32
3892,31
3893,129
3894,42
3895,43
3896,221
3897,177
3898,28
3899,595
3900,160
3901,287
3902,387
3903,320
3904,122
3905,325
3906,146
3907,724
3908,378
3909,176
3910,115
3911,199
3912,101
3913,115
3914,298
3915,312
3916,97
3917,135
3918,499
3919,490
3920,133
3921,983
3922,299
3923,527
3924,369
3925,717
3926,177
3927,809
3928,212
3929,864
3930,789
3931,578
3932,280
3933,537
3934,206
3935,180
3936,738
3937,441
3938,183
3939,19
3940,647
3941,73
3942,62
3943,384
3944,120
3945,296
3946,88
3947,366
3948,30
3949,548
3950,54
3951,538
3952,448
3953,295
3954,261
3955,218
3956,93
3957,154
3958,390
3959,106
3960,26
3961,29
3962,87
3963,54
3964,25
3965,299
3966,59
3967,166
3968,80
3969,136
3970,80
3971,176
3972,45
3973,319
3974,171
3975,69
3976,21
3977,111
3978,44
3979,11
3980,181
3981,174
3982,10
3983,160
3984,19
3985,31
3986,12
3987,97
3988,133
3989,89
3990,74
3991,145
3992,60
3993,338
3994,126
3995,110
3996,312
3997,134
3998,131
3999,103
4000,51
4001,22
4002,14
4003,58
4004,8
4005,92
4006,95
4007,57
4008,49
4009,177
4010,140
4011,129
4012,42
4013,434
4014,163
4015,327
4016,93
4017,119
4018,115
4019,289
4020,181
4021,290
4022,93
4023,74
4024,100
4025,224
4026,62
4027,278
4028,268
4029,172
4030,364
4031,297
4032,149
4033,483
4034,216
4035,2733
4036,326
4037,682
4038,176
4039,383
4040,325
4041,640
4042,404
4043,271
4044,249
4045,673
4046,94
4047,324
4048,296
4049,392
4050,439
4051,329
4052,316
4053,703
4054,450
4055,1374
4056,439
4057,9486
4058,1040
4059,1985
4060,582
4061,1405
4062,1172
4063,2066
4064,713
4065,749
4066,1502
4067,1867
4068,276
4069,474
4070,950
4071,153
4072,257
4073,261
4074,407
4075,395
4076,134
4077,369
4078,191
4079,1698
4080,175
4081,440
4082,149
4083,511
4084,357
4085,391
4086,281
4087,285
4088,94
4089,523
4090,172
4091,316
4092,254
4093,109
4094,238
4095,165
4096,79
4097,351
4098,178
4099,446
4100,197
4101,4224
4102,540
4103,1168
4104,415
4105,667
4106,691
4107,1717
4108,441
4109,610
4110,868
4111,537
4112,108
4113,255
4114,242
4115,164
4116,2289
4117,625
4118,68
4119,1136
4120,1237
4121,2225
4122,1149
4123,1774
4124,1213
4125,1679
4126,520
4127,3094
4128,2212
4129,1396
4130,948
4131,917
4132,476
4133,1033
4134,208
4135,1102
4136,558
4137,249
4138,537
4139,465
4140,55
4141,736
4142,994
4143,2089
4144,625
4145,5334
4146,535
4147,1440
4148,675
4149,3000
4150,2892
4151,985
4152,918
4153,1327
4154,381
4155,396
4156,390
4157,542
4158,433
4159,1423
4160,346
4161,378
4162,1920
4163,526
4164,654
4165,2303
4166,718
4167,2056
4168,259
4169,1934
4170,336
4171,1657
4172,1461
4173,1578
4174,502
4175,409
4176,457
4177,681
4178,274
4179,581
4180,528
4181,254
4182,47
4183,33
4184,37
4185,199
4186,270
4187,283
4188,35
4189,189
4190,56
4191,680
4192,181
4193,128
4194,285
4195,415
4196,167
4197,161
4198,100
4199,50
4200,48
4201,80
4202,13
4203,785
4204,246
4205,284
4206,433
4207,707
4208,691
4209,983
4210,342
4211,732
4212,230
4213,1173
4214,826
4215,652
4216,931
4217,816
4218,936
4219,916
4220,373
4221,271
4222,306
4223,271
4224,156
4225,860
4226,382
4227,355
4228,107
4229,1458
4230,2119
4231,3935
4232,855
4233,1541
4234,894
4235,3894
4236,2484
4237,2573
4238,3784
4239,1854
4240,1383
4241,1727
4242,1255
4243,467
4244,450
4245,782
4246,199
4247,56
4248,373
4249,190
4250,822
4251,718
4252,530
4253,1402
4254,393
4255,1074
4256,615
4257,814
4258,534
4259,1166
4260,1512
4261,1400
4262,491
4263,548
4264,616
4265,163
4266,421
4267,764
4268,110
4269,37
4270,300
4271,214
4272,28
4273,580
4274,364
4275,887
4276,790
4277,915
4278,427
4279,486
4280,304
4281,1234
4282,909
4283,484
4284,343
4285,459
4286,270
4287,330
4288,266
4289,555
4290,209
4291,85
4292,949
4293,693
4294,57
4295,1307
4296,865
4297,2311
4298,976
4299,1034
4300,748
4301,1289
4302,660
4303,2860
4304,1980
4305,755
4306,778
4307,793
4308,600
4309,469
4310,389
4311,638
4312,909
4313,205
4314,1036
4315,1046
4316,174
4317,1363
4318,1135
4319,3187
4320,900
4321,1596
4322,667
4323,2371
4324,822
4325,2606
4326,2537
4327,1610
4328,955
4329,1272
4330,607
4331,1188
4332,490
4333,746
4334,765
4335,599
4336,436
4337,645
4338,861
4339,639
4340,709
4341,1310
4342,703
4343,622
4344,157
4345,1226
4346,263
4347,1797
4348,1135
4349,677
4350,258
4351,394
4352,219
4353,214
4354,334
4355,675
4356,92
4357,97
4358,811
4359,733
4360,136
4361,2695
4362,252
4363,2237
4364,719
4365,2005
4366,684
4367,554
4368,276
4369,2607
4370,1364
4371,496
4372,245
4373,716
4374,359
4375,1055
4376,96
4377,491
4378,1482
4379,2933
4380,794
4381,493
4382,701
4383,1810
4384,1258
4385,1925
4386,1010
4387,1041
4388,321
4389,2383
4390,773
4391,2684
4392,2707
4393,1121
4394,714
4395,966
4396,800
4397,461
4398,545
4399,1470
4400,235
4401,270
4402,490
4403,706
4404,39
4405,1167
4406,651
4407,2721
4408,1450
4409,573
4410,308
4411,1084
4412,181
4413,3599
4414,1554
4415,399
4416,135
4417,242
4418,193
4419,873
4420,195
4421,668
4422,669
4423,315
4424,429
4425,690
4426,1151
4427,1158
4428,705
4429,2179
4430,507
4431,1001
4432,255
4433,1390
4434,359
4435,2462
4436,1925
4437,886
4438,556
4439,527
4440,399
4441,947
4442,431
4443,531
4444,1415
4445,304
4446,235
4447,98
4448,148
4449,386
4450,377
4451,575
4452,55
4453,519
4454,122
4455,659
4456,265
4457,458
4458,398
4459,631
4460,332
4461,399
4462,234
4463,127
4464,156
4465,155
4466,137
4467,370
4468,364
4469,469
4470,223
4471,1393
4472,1146
4473,1911
4474,501
4475,868
4476,266
4477,2053
4478,567
4479,3149
4480,2061
4481,1485
4482,590
4483,540
4484,445
4485,807
4486,334
4487,434
4488,738
4489,697
4490,209
4491,270
4492,495
4493,588
4494,592
4495,1736
4496,200
4497,572
4498,145
4499,1913
4500,284
4501,1844
4502,1169
4503,1685
4504,326
4505,330
4506,254
4507,290
4508,89
4509,297
4510,336
4511,17
4512,13
4513,44
4514,10
4515,58
4516,153
4517,338
4518,206
4519,47
4520,28
4521,94
4522,26
4523,330
4524,143
4525,26
4526,54
4527,75
4528,16
4529,66
4530,24
4531,49
4532,67
4533,807
4534,226
4535,118
4536,661
4537,701
4538,445
4539,661
4540,169
4541,1366
4542,167
4543,1693
4544,307
4545,447
4546,321
4547,1637
4548,366
4549,360
4550,537
4551,276
4552,274
4553,228
4554,124
4555,286
4556,143
4557,103
4558,222
4559,336
4560,205
4561,327
4562,108
4563,474
4564,79
4565,724
4566,144
4567,217
4568,205
4569,730
4570,220
4571,184
4572,232
4573,115
4574,108
4575,111
4576,69
4577,785
4578,272
4579,157
4580,897
4581,600
4582,334
4583,689
4584,165
4585,1434
4586,219
4587,1267
4588,297
4589,407
4590,375
4591,1215
4592,423
4593,370
4594,459
4595,324
4596,242
4597,244
4598,160
4599,127
4600,49
4601,24
4602,96
4603,122
4604,75
4605,154
4606,39
4607,193
4608,27
4609,351
4610,33
4611,116
4612,78
4613,370
4614,68
4615,64
4616,37
4617,40
4618,27
4619,66
4620,22
4621,406
4622,170
4623,171
4624,515
4625,496
4626,409
4627,571
4628,117
4629,740
4630,117
4631,1178
4632,214
4633,465
4634,417
4635,1285
4636,356
4637,360
4638,221
4639,407
4640,146
4641,274
4642,137
4643,298
4644,152
4645,123
4646,178
4647,295
4648,229
4649,432
4650,93
4651,599
4652,108
4653,849
4654,158
4655,299
4656,235
4657,887
4658,277
4659,243
4660,210
4661,120
4662,79
4663,143
4664,63
4665,369
4666,197
4667,164
4668,657
4669,394
4670,253
4671,518
4672,119
4673,939
4674,145
4675,985
4676,212
4677,423
4678,354
4679,970
4680,386
4681,354
4682,207
4683,284
4684,127
4685,223
4686,97
4687,623
4688,328
4689,91
4690,611
4691,605
4692,482
4693,709
4694,113
4695,1539
4696,183
4697,1710
4698,255
4699,761
4700,551
4701,2129
4702,369
4703,421
4704,426
4705,302
4706,278
4707,274
4708,133
4709,136
4710,465
4711,157
4712,47
4713,245
4714,642
4715,1330
4716,381
4717,1931
4718,918
4719,1125
4720,266
4721,1047
4722,1854
4723,486
4724,300
4725,508
4726,231
4727,474
4728,82
4729,407
4730,421
4731,329
4732,161
4733,223
4734,25
4735,422
4736,170
4737,579
4738,130
4739,166
4740,40
4741,745
4742,135
4743,537
4744,354
4745,409
4746,99
4747,181
4748,160
4749,48
4750,78
4751,449
4752,69
4753,292
4754,138
4755,49
4756,96
4757,165
4758,87
4759,300
4760,45
4761,100
4762,26
4763,337
4764,49
4765,214
4766,199
4767,235
4768,69
4769,91
4770,68
4771,26
4772,77
4773,150
4774,50
4775,202
4776,46
4777,104
4778,360
4779,356
4780,170
4781,1151
4782,181
4783,1893
4784,196
4785,771
4786,205
4787,661
4788,291
4789,679
4790,424
4791,443
4792,994
4793,254
4794,211
4795,153
4796,247
4797,95
4798,258
4799,370
4800,441
4801,526
4802,155
4803,647
4804,259
4805,1367
4806,191
4807,423
4808,189
4809,865
4810,506
4811,384
4812,844
4813,407
4814,287
4815,533
4816,293
4817,512
4818,300
4819,25
4820,77
4821,61
4822,14
4823,110
4824,68
4825,118
4826,42
4827,313
4828,70
4829,266
4830,107
4831,130
4832,155
4833,216
4834,51
4835,91
4836,87
4837,62
4838,39
4839,37
4840,39
4841,239
4842,199
4843,411
4844,179
4845,759
4846,666
4847,1867
4848,930
4849,6897
4850,1765
4851,2936
4852,1260
4853,2111
4854,1734
4855,1735
4856,1015
4857,1200
4858,1161
4859,1141
4860,373
4861,280
4862,774
4863,192
4864,392
4865,404
4866,231
4867,311
4868,386
4869,1118
4870,411
4871,2645
4872,300
4873,759
4874,391
4875,1318
4876,1183
4877,724
4878,1049
4879,518
4880,464
4881,743
4882,116
4883,369
4884,473
4885,131
4886,424
4887,366
4888,81
4889,339
4890,478
4891,843
4892,326
4893,2516
4894,349
4895,1057
4896,445
4897,942
4898,883
4899,1021
4900,675
4901,416
4902,580
4903,512
4904,136
4905,262
4906,296
4907,181
4908,14
4909,30
4910,231
4911,27
4912,42
4913,237
4914,81
4915,642
4916,13
4917,255
4918,27
4919,256
4920,112
4921,379
4922,45
4923,22
4924,37
4925,100
4926,14
4927,31
4928,35
4929,130
4930,227
4931,128
4932,92
4933,320
4934,198
4935,535
4936,193
4937,2602
4938,219
4939,560
4940,244
4941,527
4942,489
4943,735
4944,363
4945,341
4946,590
4947,322
4948,108
4949,147
4950,200
4951,384
4952,111
4953,175
4954,287
4955,270
4956,174
4957,822
4958,326
4959,2395
4960,106
4961,830
4962,166
4963,831
4964,492
4965,1224
4966,352
4967,345
4968,570
4969,856
4970,97
4971,172
4972,390
4973,219
4974,56
4975,66
4976,318
4977,214
4978,81
4979,217
4980,37
4981,333
4982,35
4983,208
4984,62
4985,176
4986,122
4987,115
4988,105
4989,111
4990,82
4991,89
4992,107
4993,147
4994,55
4995,65
4996,30
4997,31
4998,5
4999,53
5000,124
5001,173
5002,50
5003,152
5004,15
5005,241
5006,115
5007,168
5008,191
5009,207
5010,83
5011,79
5012,87
5013,29
5014,9
5015,34
5016,15
5017,62
5018,33
5019,21
5020,10
5021,31
5022,40
5023,103
5024,6
5025,20
5026,6
5027,92
5028,35
5029,89
5030,50
5031,64
5032,61
5033,62
5034,19
5035,50
5036,4
5037,33
5038,16
5039,214
5040,63
5041,31
5042,59
5043,286
5044,322
5045,395
5046,79
5047,552
5048,82
5049,1006
5050,250
5051,250
5052,772
5053,641
5054,221
5055,247
5056,257
5057,82
5058,121
5059,107
5060,36
5061,26
5062,45
5063,135
5064,3
5065,72
5066,50
5067,352
5068,224
5069,109
5070,76
5071,103
5072,29
5073,529
5074,185
5075,257
5076,31
5077,46
5078,58
5079,295
5080,15
5081,67
5082,124
5083,188
5084,144
5085,126
5086,107
5087,225
5088,425
5089,451
5090,116
5091,258
5092,58
5093,597
5094,261
5095,586
5096,712
5097,635
5098,249
5099,211
5100,122
5101,81
5102,72
5103,174
5104,40
5105,120
5106,110
5107,18
5108,18
5109,179
5110,177
5111,345
5112,33
5113,305
5114,73
5115,498
5116,114
5117,325
5118,286
5119,312
5120,80
5121,100
5122,152
5123,41
5124,65
5125,76
5126,20
5149,245
5150,177
5151,54
5152,33
5153,486
5154,547
5155,366
5156,45
5157,1044
5158,138
5159,879
5160,271
5161,343
5162,534
5163,774
5164,329
5165,281
5166,376
5167,95
5168,262
5169,111
5170,53
5171,258
5172,295
5173,183
5174,345
5175,464
5176,150
5177,515
5178,101
5179,744
5180,143
5181,417
5182,113
5183,458
5184,478
5185,242
5186,233
5187,307
5188,105
5189,242
5190,279
5191,230
5192,215
5193,95
5194,120
5195,65
5196,11
5197,276
5198,504
5199,346
5200,143
5201,633
5202,257
5203,458
5204,163
5205,427
5206,977
5207,199
5208,133
5209,331
5210,193
5211,83
5212,100
5213,264
5214,40
5215,8
5216,34
5217,68
5218,6
5219,45
5220,56
5221,180
5222,38
5223,11
5224,8
5225,35
5226,41
5227,139
5228,123
5229,24
5230,56
5231,208
5232,8
5233,33
5234,31
5235,127
5236,37
5237,41
5238,217
5239,197
5240,30
5241,594
5242,187
5243,345
5244,527
5245,326
5246,125
5247,359
5248,170
5249,1032
5250,482
5251,199
5252,138
5253,233
5254,107
5255,114
5256,310
5257,386
5258,89
5259,158
5260,492
5261,517
5262,136
5263,981
5264,310
5265,596
5266,402
5267,842
5268,172
5269,885
5270,247
5271,1036
5272,906
5273,727
5274,319
5275,536
5276,249
5277,201
5278,737
5279,476
5280,178
5281,20
5282,536
5283,62
5284,57
5285,334
5286,105
5287,266
5288,87
5289,330
5290,27
5291,458
5292,50
5293,509
5294,397
5295,249
5296,245
5297,207
5298,90
5299,145
5300,322
5301,104
5302,23
5303,30
5304,89
5305,53
5306,26
5307,302
5308,56
5309,192
5310,89
5311,154
5312,86
5313,193
5314,47
5315,356
5316,179
5317,90
5318,24
5319,117
5320,45
5321,12
5322,204
5323,182
5324,10
5325,176
5326,20
5327,29
5328,13
5329,97
5330,157
5331,98
5332,81
5333,176
5334,63
5335,360
5336,150
5337,125
5338,372
5339,154
5340,152
5341,112
5342,56
5343,25
5344,17
5345,68
5346,9
5347,91
5348,86
5349,73
5350,48
5351,180
5352,152
5353,150
5354,42
5355,436
5356,163
5357,339
5358,92
5359,140
5360,111
5361,327
5362,180
5363,303
5364,103
5365,80
5366,102
5367,248
5368,59
